DOID	DIAGNOSIS_CD	category	detail
DOID:0014667	E88.9	E88	9
DOID:0040092	M08.1	M08	1
DOID:0040093	M32.0	M32	0
DOID:0050118	A83.5	A83	5
DOID:0050120	D76.1	D76	1
DOID:0050127	J01.90	J01	90
DOID:0050127	J01	J01	
DOID:0050127	J01.9	J01	9
DOID:0050133	B36.9	B36	9
DOID:0050145	J35.02	J35	02
DOID:0050148	J04.2	J04	2
DOID:0050148	J04	J04	
DOID:0050148	J37.1	J37	1
DOID:0050152	J69.0	J69	0
DOID:3240	J69.0	J69	0
DOID:0050156	J84.112	J84	112
DOID:0050157	J84.116	J84	116
DOID:0050158	J84.117	J84	117
DOID:0050158	J84.115	J84	115
DOID:0050166	A18.17	A18	17
DOID:2148	A18.17	A18	17
DOID:0050175	A84.1	A84	1
DOID:0050214	G70.80	G70	80
DOID:0050328	E03.1	E03	1
DOID:0050328	E00.1	E00	1
DOID:0050425	G25.81	G25	81
DOID:0050426	L51.1	L51	1
DOID:0050427	Q82.1	Q82	1
DOID:0050429	Q82.8	Q82	8
DOID:0050430	E31.22	E31	22
DOID:0050432	F84.5	F84	5
DOID:0050433	A81.83	A81	83
DOID:0050441	E75.26	E75	26
DOID:0050444	G60.1	G60	1
DOID:0050451	I49.8	I49	8
DOID:0050452	M04.1	M04	1
DOID:0050453	Q04.3	Q04	3
DOID:0050453	Q04.8	Q04	8
DOID:0050456	A31.1	A31	1
DOID:0050458	C93.3	C93	3
DOID:0050458	C93.30	C93	30
DOID:0050460	Q93.3	Q93	3
DOID:0050461	E77.1	E77	1
DOID:0050468	L60.5	L60	5
DOID:0050472	Q84.1	Q84	1
DOID:0050476	E78.71	E78	71
DOID:0050486	R21	R21	
DOID:0050495	B08.20	B08	20
DOID:0050495	B08.2	B08	2
DOID:0050523	C91.5	C91	5
DOID:0050523	C91.50	C91	50
DOID:0050529	G12.1	G12	1
DOID:0050534	H53.63	H53	63
DOID:8498	H53.63	H53	63
DOID:0050535	H35.00	H35	00
DOID:1492	H35.00	H35	00
DOID:0050591	K00.0	K00	0
DOID:13714	K00.0	K00	0
DOID:0050596	B68.1	B68	1
DOID:0050597	B65.2	B65	2
DOID:0050597	B65.1	B65	1
DOID:0050651	Q21.20	Q21	20
DOID:0050651	Q21.2	Q21	2
DOID:0050700	I42.9	I42	9
DOID:0050700	I51.5	I51	5
DOID:0050700	I42	I42	
DOID:0050742	F17.2	F17	2
DOID:0050742	F17	F17	
DOID:0050742	F17.20	F17	20
DOID:0050759	G71.1	G71	1
DOID:450	G71.1	G71	1
DOID:0050782	E16.4	E16	4
DOID:0050811	E25.9	E25	9
DOID:0050811	E25	E25	
DOID:0050820	I44.3	I44	3
DOID:0050820	I44.30	I44	30
DOID:0050826	I07.9	I07	9
DOID:0050826	I07	I07	
DOID:0050835	G24.1	G24	1
DOID:0050835	G24.2	G24	2
DOID:0050847	G47.3	G47	3
DOID:0050847	G47.30	G47	30
DOID:0050848	G47.33	G47	33
DOID:0050854	M04.2	M04	2
DOID:0060058	C85.9	C85	9
DOID:0060060	C85.9	C85	9
DOID:0060125	C88.2	C88	2
DOID:0060135	R48.2	R48	2
DOID:0060178	G43.8	G43	8
DOID:0060180	K52.9	K52	9
DOID:0060181	K55.9	K55	9
DOID:0060182	K52.83	K52	83
DOID:0060183	K52.831	K52	831
DOID:0060184	K52.832	K52	832
DOID:0060185	A04.7	A04	7
DOID:0060186	K52	K52	
DOID:0060187	K52	K52	
DOID:0060189	K52.9	K52	9
DOID:0060192	K50.1	K50	1
DOID:8778	K50.1	K50	1
DOID:0060215	G37.0	G37	0
DOID:0060216	H16.32	H16	32
DOID:0060218	M34.1	M34	1
DOID:0060236	E79.8	E79	8
DOID:0060239	Q38.0	Q38	0
DOID:0060243	F80.81	F80	81
DOID:0060249	M41.9	M41	9
DOID:0060249	M41	M41	
DOID:0060254	Q87.19	Q87	19
DOID:0060260	H02.4	H02	4
DOID:0060260	H02.40	H02	40
DOID:0060260	H02.409	H02	409
DOID:0060261	Q10.0	Q10	0
DOID:0060262	K82.9	K82	9
DOID:0060263	Q04.6	Q04	6
DOID:0060284	D59.5	D59	5
DOID:0060284	D59.12	D59	12
DOID:0060284	D59.6	D59	6
DOID:0060311	J35.2	J35	2
DOID:0060312	K13.0	K13	0
DOID:0060313	Q32.0	Q32	0
DOID:0060315	K13.3	K13	3
DOID:0060316	Q87.0	Q87	0
DOID:4501	Q87.0	Q87	0
DOID:0060317	J85.2	J85	2
DOID:0060318	C92.4	C92	4
DOID:0060318	C92.40	C92	40
DOID:0060319	I46	I46	
DOID:0060320	K40	K40	
DOID:0060320	K40.90	K40	90
DOID:0060321	Q79.2	Q79	2
DOID:0060327	Q79.2	Q79	2
DOID:0060322	H70.9	H70	9
DOID:0060322	H70.90	H70	90
DOID:0060325	D26	D26	
DOID:0060325	D26.9	D26	9
DOID:0060326	Q05	Q05	
DOID:0060329	O00	O00	
DOID:0060329	O00.90	O00	90
DOID:0060329	O00.9	O00	9
DOID:0060357	E78.3	E78	3
DOID:0060358	E71.313	E71	313
DOID:0060451	H18.52	H18	52
DOID:0060468	Q87.2	Q87	2
DOID:0060469	Q93.88	Q93	88
DOID:0060567	L95.1	L95	1
DOID:0060573	D68.01	D68	01
DOID:0060574	D68.02	D68	02
DOID:0060574	D68.029	D68	029
DOID:0060597	C92.20	C92	20
DOID:0060597	C92.2	C92	2
DOID:0060643	K83.01	K83	01
DOID:0060655	Q80.2	Q80	2
DOID:0060688	Q28.2	Q28	2
DOID:0060744	E07.1	E07	1
DOID:0060850	Q45.1	Q45	1
DOID:0060851	L10.0	L10	0
DOID:0060870	E23.0	E23	0
DOID:0060901	C88.0	C88	0
DOID:0070212	Q82.0	Q82	0
DOID:0070213	I89.0	I89	0
DOID:0070315	Q22.6	Q22	6
DOID:0070355	N32.81	N32	81
DOID:0070560	E74.810	E74	810
DOID:0070563	E74.39	E74	39
DOID:0070613	E74.818	E74	818
DOID:0080001	M89.9	M89	9
DOID:0080016	Q05.9	Q05	9
DOID:0080016	Q05	Q05	
DOID:0080041	Q77.4	Q77	4
DOID:0080122	G31.81	G31	81
DOID:0080600	U07.1	U07	1
DOID:0080775	E34.51	E34	51
DOID:0080833	Q31.5	Q31	5
DOID:0080850	L10.2	L10	2
DOID:0080852	L10.81	L10	81
DOID:0080883	E55.0	E55	0
DOID:0081082	C92.5	C92	5
DOID:0081082	C92.50	C92	50
DOID:0081085	C92.0	C92	0
DOID:0081086	C92.0	C92	0
DOID:0081087	C92.0	C92	0
DOID:0081307	C83.8	C83	8
DOID:0081329	E74.01	E74	01
DOID:0090123	E70.81	E70	81
DOID:0090142	E72.19	E72	19
DOID:0110861	Q61.1	Q61	1
DOID:0111044	D69.1	D69	1
DOID:0111049	D69.1	D69	1
DOID:0111054	D68.03	D68	03
DOID:0111146	D68.04	D68	04
DOID:0111147	C86.5	C86	5
DOID:0111148	Q12.1	Q12	1
DOID:0111157	D47.Z2	D47	Z2
DOID:0111217	G71.228	G71	228
DOID:0111225	G71.220	G71	220
DOID:0111252	Q85.02	Q85	02
DOID:0111253	Q85.01	Q85	01
DOID:0111258	E74.89	E74	89
DOID:0111270	E72.19	E72	19
DOID:0111389	E76.02	E76	02
DOID:0111390	E76.01	E76	01
DOID:0111391	E76.210	E76	210
DOID:0111392	E76.211	E76	211
DOID:0111393	E76.22	E76	22
DOID:0111394	E76.22	E76	22
DOID:0111395	E76.22	E76	22
DOID:0111402	E76.22	E76	22
DOID:0111531	H47.03	H47	03
DOID:0111531	H47.039	H47	039
DOID:0111538	G71.19	G71	19
DOID:0111552	G12.1	G12	1
DOID:0111563	Q85.89	Q85	89
DOID:0111592	E88.02	E88	02
DOID:0111626	E72.59	E72	59
DOID:0111633	E74.31	E74	31
DOID:0111646	E73.0	E73	0
DOID:0111680	E74.11	E74	11
DOID:0111716	Q11.2	Q11	2
DOID:0112307	E72.59	E72	59
DOID:0112308	E22.8	E22	8
DOID:100	A00-A09	A00-A09	
DOID:10003	H90.5	H90	5
DOID:10016	E31.23	E31	23
DOID:10017	E31.21	E31	21
DOID:10020	C24.1	C24	1
DOID:10021	C17.0	C17	0
DOID:10024	G43.109	G43	109
DOID:10024	G43.1	G43	1
DOID:10027	A52.11	A52	11
DOID:1003	N73.9	N73	9
DOID:1003	N70-N77	N70-N77	
DOID:10030	J98.2	J98	2
DOID:10031	J98.3	J98	3
DOID:10033	H52.52	H52	52
DOID:10034	H52.5	H52	5
DOID:10035	A52.2	A52	2
DOID:10039	A50.4	A50	4
DOID:10039	A50.40	A50	40
DOID:10039	A50.59	A50	59
DOID:10039	A50.5	A50	5
DOID:10074	B71.0	B71	0
DOID:10075	B70.0	B70	0
DOID:10079	B69.9	B69	9
DOID:10079	B69	B69	
DOID:10080	B70.1	B70	1
DOID:10112	B56.9	B56	9
DOID:10112	B56	B56	
DOID:10113	B57.2	B57	2
DOID:10122	H02.71	H02	71
DOID:10124	H18.9	H18	9
DOID:10126	H18.60	H18	60
DOID:10126	H18.6	H18	6
DOID:10131	F52.5	F52	5
DOID:10138	H04.12	H04	12
DOID:10138	E50.7	E50	7
DOID:10139	H11.10	H11	10
DOID:10140	H04.12	H04	12
DOID:10149	C40.2	C40	2
DOID:10151	C40.3	C40	3
DOID:10153	C17.2	C17	2
DOID:10154	C17	C17	
DOID:10154	C17.9	C17	9
DOID:10155	C26.0	C26	0
DOID:10159	M87	M87	
DOID:10159	M87.9	M87	9
DOID:10174	H04.81	H04	81
DOID:10175	H46.0	H46	0
DOID:10175	H47.1	H47	1
DOID:10175	H47.10	H47	10
DOID:146	H46.0	H46	0
DOID:146	H47.1	H47	1
DOID:146	H47.10	H47	10
DOID:10175	H47.11	H47	11
DOID:10175	H35.81	H35	81
DOID:6929	H35.81	H35	81
DOID:10176	H30.9	H30	9
DOID:1022	A67.9	A67	9
DOID:1022	A67	A67	
DOID:1022	A67.0	A67	0
DOID:1022	A67.1	A67	1
DOID:1022	A67.2	A67	2
DOID:1022	A67.3	A67	3
DOID:10223	M33.90	M33	90
DOID:10223	M33.9	M33	9
DOID:10223	M33	M33	
DOID:1023	A30.3	A30	3
DOID:10230	I70.0	I70	0
DOID:10235	H50.61	H50	61
DOID:10236	F65.2	F65	2
DOID:1024	A30.9	A30	9
DOID:1024	A30	A30	
DOID:10241	D56.9	D56	9
DOID:10241	D56	D56	
DOID:10242	A77.40	A77	40
DOID:10242	A77.4	A77	4
DOID:1025	A30.1	A30	1
DOID:10250	A84.89	A84	89
DOID:10254	K82.4	K82	4
DOID:10261	H92.1	H92	1
DOID:10261	H92.10	H92	10
DOID:10264	B26.9	B26	9
DOID:10264	B26	B26	
DOID:10272	I44.60	I44	60
DOID:10283	C61	C61	
DOID:1029	G72.3	G72	3
DOID:10293	H50.01	H50	01
DOID:10300	I73.0	I73	0
DOID:10301	K11.2	K11	2
DOID:10303	K11.2	K11	2
DOID:10303	K11.20	K11	20
DOID:10310	A87.9	A87	9
DOID:10310	A87	A87	
DOID:10314	I33.9	I33	9
DOID:10316	J64	J64	
DOID:10320	J61	J61	
DOID:10322	J63.2	J63	2
DOID:10323	J66.0	J66	0
DOID:10324	J60	J60	
DOID:10325	J62.8	J62	8
DOID:10325	J62	J62	
DOID:10327	J60	J60	
DOID:10328	J63.4	J63	4
DOID:10329	J62.0	J62	0
DOID:10337	H47.23	H47	23
DOID:10341	G03.1	G03	1
DOID:10348	H02.52	H02	52
DOID:10349	N60.09	N60	09
DOID:10349	N60.0	N60	0
DOID:1035	C94.8	C94	8
DOID:10350	N60.0	N60	0
DOID:10352	N60.2	N60	2
DOID:10353	N60.3	N60	3
DOID:10354	N60	N60	
DOID:10354	N60.1	N60	1
DOID:10366	C63.0	C63	0
DOID:1037	C91	C91	
DOID:1037	C91.9	C91	9
DOID:1037	C91.90	C91	90
DOID:10371	A66.9	A66	9
DOID:10371	A66	A66	
DOID:10375	H53.03	H53	03
DOID:10376	H53.00	H53	00
DOID:10377	H53.02	H53	02
DOID:10378	H53.01	H53	01
DOID:10383	G54.5	G54	5
DOID:10393	M89.4	M89	4
DOID:10398	A20.2	A20	2
DOID:104	A49.9	A49	9
DOID:104	A49	A49	
DOID:1040	C91.1	C91	1
DOID:1040	C91.10	C91	10
DOID:10426	Q76.1	Q76	1
DOID:10428	H18.61	H18	61
DOID:10439	H16.05	H16	05
DOID:10440	H16.06	H16	06
DOID:10441	H16.04	H16	04
DOID:10442	H16.03	H16	03
DOID:10443	H20.05	H20	05
DOID:10444	H16.02	H16	02
DOID:10445	H16.07	H16	07
DOID:10456	J35.01	J35	01
DOID:10457	A48.1	A48	1
DOID:10459	J00	J00	
DOID:10460	J00	J00	
DOID:10460	J31.1	J31	1
DOID:10461	K02	K02	
DOID:10471	M76.50	M76	50
DOID:10471	M76.5	M76	5
DOID:10480	Q79.1	Q79	1
DOID:10481	J98.6	J98	6
DOID:10485	Q39.0	Q39	0
DOID:10486	Q41.1	Q41	1
DOID:10487	Q43.1	Q43	1
DOID:10488	Q42.3	Q42	3
DOID:10499	H05.11	H05	11
DOID:10507	I24.1	I24	1
DOID:10516	H60.20	H60	20
DOID:10516	H60.2	H60	2
DOID:10533	J12.9	J12	9
DOID:10534	C16	C16	
DOID:10534	C16.9	C16	9
DOID:10534	C16.2	C16	2
DOID:10534	C16.5	C16	5
DOID:10534	C16.6	C16	6
DOID:10538	C16.1	C16	1
DOID:10544	C16.4	C16	4
DOID:10547	C16.3	C16	3
DOID:10548	C16.0	C16	0
DOID:10550	H68.01	H68	01
DOID:10550	H68.019	H68	019
DOID:10554	G04	G04	
DOID:10554	A69.22	A69	22
DOID:1056	E72.03	E72	03
DOID:10567	A66.1	A66	1
DOID:10567	A66.4	A66	4
DOID:10568	A66.0	A66	0
DOID:10568	A66.6	A66	6
DOID:10575	E83.50	E83	50
DOID:10575	E83.5	E83	5
DOID:10581	E75.25	E75	25
DOID:10581	E75.29	E75	29
DOID:10582	G60.1	G60	1
DOID:10584	H35.52	H35	52
DOID:10587	E75.23	E75	23
DOID:10588	E71.52	E71	52
DOID:10588	E71.529	E71	529
DOID:10591	O14.90	O14	90
DOID:10591	O14.9	O14	9
DOID:10591	O14	O14	
DOID:10595	G60.0	G60	0
DOID:106	A15.6	A15	6
DOID:1060	E72.02	E72	02
DOID:10600	F95.1	F95	1
DOID:10603	R73.03	R73	03
DOID:10604	E73	E73	
DOID:10604	E73.9	E73	9
DOID:10606	K90.2	K90	2
DOID:10607	K90.1	K90	1
DOID:10608	K90.0	K90	0
DOID:10609	E55.0	E55	0
DOID:10610	K90.3	K90	3
DOID:10612	L50.0	L50	0
DOID:10627	H47.21	H47	21
DOID:10629	Q11.2	Q11	2
DOID:1063	N12	N12	
DOID:10646	F21	F21	
DOID:10652	G30	G30	
DOID:10652	G30.9	G30	9
DOID:1066	H40.15	H40	15
DOID:1067	H40.1	H40	1
DOID:1067	H40.10	H40	10
DOID:1067	H40.13	H40	13
DOID:10686	N64.89	N64	89
DOID:10688	N62	N62	
DOID:10691	N64.1	N64	1
DOID:10699	B66.4	B66	4
DOID:1070	H40.11	H40	11
DOID:10718	A07.1	A07	1
DOID:1074	N19	N19	
DOID:10744	C57.1	C57	1
DOID:10754	H66.90	H66	90
DOID:10754	H66.9	H66	9
DOID:10755	H70.20	H70	20
DOID:10755	H70.209	H70	209
DOID:10755	H70.2	H70	2
DOID:10755	H70.21	H70	21
DOID:10755	H70.219	H70	219
DOID:10755	H70.22	H70	22
DOID:10755	H70.229	H70	229
DOID:1076	N11.9	N11	9
DOID:1076	N11	N11	
DOID:10762	K76.6	K76	6
DOID:10763	I10	I10	
DOID:10772	M31.19	M31	19
DOID:10773	A20.0	A20	0
DOID:10778	I40.1	I40	1
DOID:10779	I40.0	I40	0
DOID:10780	D75.0	D75	0
DOID:10782	I88.0	I88	0
DOID:10783	D74	D74	
DOID:10783	D74.9	D74	9
DOID:10787	E28.31	E28	31
DOID:10787	E28.319	E28	319
DOID:10790	J32.1	J32	1
DOID:10791	J32.1	J32	1
DOID:10792	J32.0	J32	0
DOID:10793	J32.3	J32	3
DOID:10794	J32.3	J32	3
DOID:1080	B74	B74	
DOID:1080	B74.9	B74	9
DOID:10808	K25	K25	
DOID:1081	B74.4	B74	4
DOID:10811	C30.0	C30	0
DOID:10817	F65.52	F65	52
DOID:1082	B74.8	B74	8
DOID:10825	I10	I10	
DOID:10834	F65.3	F65	3
DOID:10841	A83.2	A83	2
DOID:10842	A83.4	A83	4
DOID:10843	A83.1	A83	1
DOID:10844	A83.0	A83	0
DOID:10845	A83.3	A83	3
DOID:10849	F65.51	F65	51
DOID:10863	H49	H49	
DOID:10863	H49.9	H49	9
DOID:10871	H35.30	H35	30
DOID:10873	H35.32	H35	32
DOID:10880	I80.21	I80	21
DOID:10881	B08.4	B08	4
DOID:10882	B33.0	B33	0
DOID:10883	B08.5	B08	5
DOID:10887	A30.5	A30	5
DOID:10892	Q54.9	Q54	9
DOID:10892	Q54	Q54	
DOID:10907	Q02	Q02	
DOID:10908	G91	G91	
DOID:10908	G91.9	G91	9
DOID:10914	R41.3	R41	3
DOID:10921	A77.2	A77	2
DOID:10923	D57.1	D57	1
DOID:10923	D57	D57	
DOID:10923	D57.20	D57	20
DOID:10923	D57.2	D57	2
DOID:10927	K28.0	K28	0
DOID:10930	F60.3	F60	3
DOID:10931	F60.7	F60	7
DOID:10932	F60.5	F60	5
DOID:10933	F42	F42	
DOID:10933	F42.8	F42	8
DOID:10933	F42.9	F42	9
DOID:10934	F44.81	F44	81
DOID:10935	F44.9	F44	9
DOID:10935	F48.9	F48	9
DOID:10936	F60.1	F60	1
DOID:10937	F63.9	F63	9
DOID:10938	F60.0	F60	0
DOID:10939	F60.2	F60	2
DOID:10944	K14	K14	
DOID:10944	K14.9	K14	9
DOID:10952	N05	N05	
DOID:10952	N08	N08	
DOID:10955	B78	B78	
DOID:10955	B78.9	B78	9
DOID:10963	H71.00	H71	00
DOID:10963	H71.0	H71	0
DOID:10964	H71	H71	
DOID:10965	G80.1	G80	1
DOID:10966	N04	N04	
DOID:10971	N70.03	N70	03
DOID:10971	N70.0	N70	0
DOID:10972	N70.9	N70	9
DOID:10972	N70	N70	
DOID:10972	N70.93	N70	93
DOID:10973	N70.01	N70	01
DOID:10974	N70.92	N70	92
DOID:10976	N03.2	N03	2
DOID:1098	P55.9	P55	9
DOID:1098	P55	P55	
DOID:10986	M46.4	M46	4
DOID:10989	H11.41	H11	41
DOID:1099	D56.0	D56	0
DOID:10997	H25.09	H25	09
DOID:110	H27.9	H27	9
DOID:110	H25-H28	H25-H28	
DOID:11029	H11.15	H11	15
DOID:11030	H18.20	H18	20
DOID:11031	H18.1	H18	1
DOID:11032	H18.23	H18	23
DOID:11033	H18.22	H18	22
DOID:11037	F44.0	F44	0
DOID:11042	M05.0	M05	0
DOID:11042	M05.00	M05	00
DOID:11044	Q79.3	Q79	3
DOID:11049	P24.0	P24	0
DOID:11049	P24.00	P24	00
DOID:11049	P24.01	P24	01
DOID:11054	C67.9	C67	9
DOID:11054	C67	C67	
DOID:11055	A28.0	A28	0
DOID:11060	O44.0	O44	0
DOID:11060	O44	O44	
DOID:11077	A23.9	A23	9
DOID:11077	A23	A23	
DOID:11079	B88.3	B88	3
DOID:11080	B87.9	B87	9
DOID:11080	B87	B87	
DOID:11086	H31.0	H31	0
DOID:11086	H31.00	H31	00
DOID:11088	P84	P84	
DOID:11100	A78	A78	
DOID:11101	A79.0	A79	0
DOID:11102	A44.9	A44	9
DOID:11102	A44	A44	
DOID:11103	A79.1	A79	1
DOID:11104	A77.9	A77	9
DOID:11104	A77	A77	
DOID:11111	N13.30	N13	30
DOID:11119	F95.2	F95	2
DOID:11120	F52.6	F52	6
DOID:11121	K04.0	K04	0
DOID:11123	D69.0	D69	0
DOID:11125	D69.1	D69	1
DOID:11126	D69.5	D69	5
DOID:11130	I15.9	I15	9
DOID:11130	I15	I15	
DOID:11133	N42.83	N42	83
DOID:11134	H04.16	H04	16
DOID:11148	H40.82	H40	82
DOID:11149	H40.83	H40	83
DOID:1115	C49	C49	
DOID:11153	L74.2	L74	2
DOID:11153	L74.0	L74	0
DOID:11155	L74.4	L74	4
DOID:11156	L74.4	L74	4
DOID:11161	P28.5	P28	5
DOID:11162	J96.0	J96	0
DOID:11164	H18.42	H18	42
DOID:11168	A63.0	A63	0
DOID:11175	H05.4	H05	4
DOID:11175	H05.40	H05	40
DOID:11180	H65	H65	
DOID:11180	H65.9	H65	9
DOID:11180	H65.90	H65	90
DOID:11181	H65.2	H65	2
DOID:11181	H65.20	H65	20
DOID:11184	H10.02	H10	02
DOID:11186	B48.2	B48	2
DOID:11189	K04.2	K04	2
DOID:11190	H10.22	H10	22
DOID:11193	Q70	Q70	
DOID:11193	Q70.9	Q70	9
DOID:11195	J06.0	J06	0
DOID:11197	H10.23	H10	23
DOID:11198	D82.1	D82	1
DOID:11199	E20.9	E20	9
DOID:11199	E20	E20	
DOID:112	I85.01	I85	01
DOID:11201	E21.5	E21	5
DOID:11202	E21.0	E21	0
DOID:11203	H10.1	H10	1
DOID:11206	F11.1	F11	1
DOID:11212	Q15.0	Q15	0
DOID:11217	H73.1	H73	1
DOID:11217	H73.10	H73	10
DOID:11219	H10.01	H10	01
DOID:11230	H05.00	H05	00
DOID:11230	H05.0	H05	0
DOID:11231	H05.03	H05	03
DOID:11232	H05.02	H05	02
DOID:11234	H05.01	H05	01
DOID:11235	H74.1	H74	1
DOID:11239	C18.1	C18	1
DOID:11242	P61.1	P61	1
DOID:11243	P61.2	P61	2
DOID:11245	P61.5	P61	5
DOID:11246	P60	P60	
DOID:11247	D65	D65	
DOID:11249	E56.1	E56	1
DOID:11254	A75.1	A75	1
DOID:11256	A75.9	A75	9
DOID:11256	A75	A75	
DOID:11256	A75.2	A75	2
DOID:11256	A75.0	A75	0
DOID:11257	F40.1	F40	1
DOID:11257	F40.10	F40	10
DOID:11258	A28.1	A28	1
DOID:11260	A82.9	A82	9
DOID:11260	A82	A82	
DOID:11262	A70	A70	
DOID:11265	A71.9	A71	9
DOID:11265	A71	A71	
DOID:11265	A71.0	A71	0
DOID:11265	A71.1	A71	1
DOID:11266	A98.5	A98	5
DOID:11267	H18.44	H18	44
DOID:11269	K04.5	K04	5
DOID:11277	E05.2	E05	2
DOID:11282	H31.02	H31	02
DOID:11289	J67.7	J67	7
DOID:11294	I77.0	I77	0
DOID:11299	I65.0	I65	0
DOID:11302	B65.3	B65	3
DOID:11320	A98.2	A98	2
DOID:11328	F20.81	F20	81
DOID:11329	L94.6	L94	6
DOID:11330	A46	A46	
DOID:11335	D86	D86	
DOID:11335	D86.9	D86	9
DOID:11335	D80-D89	D80-D89	
DOID:11338	A35	A35	
DOID:11339	B59	B59	
DOID:1134	K06.0	K06	0
DOID:1134	K06.01	K06	01
DOID:1134	K06.010	K06	010
DOID:11342	H18.41	H18	41
DOID:11343	H15.9	H15	9
DOID:11343	H15	H15	
DOID:11353	N32.3	N32	3
DOID:11354	N21.0	N21	0
DOID:11355	N21.0	N21	0
DOID:11360	A93.1	A93	1
DOID:11364	H27.11	H27	11
DOID:11367	Q12.3	Q12	3
DOID:11371	K59.1	K59	1
DOID:11372	K59.3	K59	3
DOID:11372	K59.39	K59	39
DOID:11374	K59.4	K59	4
DOID:11379	B83.1	B83	1
DOID:11382	H16.4	H16	4
DOID:11382	H16.40	H16	40
DOID:11383	Q53.9	Q53	9
DOID:11385	F80.1	F80	1
DOID:11394	J80	J80	
DOID:11396	J81	J81	
DOID:11396	J81.1	J81	1
DOID:114	I51.9	I51	9
DOID:11400	N16	N16	
DOID:11400	N12	N12	
DOID:11400	N10-N16	N10-N16	
DOID:11406	H30.9	H30	9
DOID:1142	H50.15	H50	15
DOID:11424	N80.209	N80	209
DOID:11424	N80.2	N80	2
DOID:11428	N80.5	N80	5
DOID:11429	N80.3	N80	3
DOID:1143	H50.1	H50	1
DOID:1143	H50.10	H50	10
DOID:11430	N80.6	N80	6
DOID:11431	N80.4	N80	4
DOID:11432	N80.1	N80	1
DOID:11432	N80.109	N80	109
DOID:11457	G93.5	G93	5
DOID:11459	G93.2	G93	2
DOID:11472	C32.2	C32	2
DOID:11476	M81.0	M81	0
DOID:1148	Q69.9	Q69	9
DOID:1148	Q69	Q69	
DOID:11486	G90.2	G90	2
DOID:11488	G90.09	G90	09
DOID:11488	G90.0	G90	0
DOID:11491	H53.62	H53	62
DOID:115	I31.4	I31	4
DOID:11502	Q23.3	Q23	3
DOID:11506	H66	H66	
DOID:11506	H66.40	H66	40
DOID:11506	H66.4	H66	4
DOID:11512	I82.0	I82	0
DOID:11514	K14.5	K14	5
DOID:11516	I11.9	I11	9
DOID:11516	I11	I11	
DOID:11518	H57.09	H57	09
DOID:11527	J38.6	J38	6
DOID:11541	H18.83	H18	83
DOID:11543	H16.31	H16	31
DOID:11547	H18.00	H18	00
DOID:11550	H49.0	H49	0
DOID:11552	H18.31	H18	31
DOID:11555	H18.51	H18	51
DOID:11557	H65.00	H65	00
DOID:11557	H65.0	H65	0
DOID:11561	H35.03	H35	03
DOID:11563	H35.06	H35	06
DOID:11573	A32	A32	
DOID:11573	A32.9	A32	9
DOID:11574	G00.2	G00	2
DOID:11577	G83.4	G83	4
DOID:11581	H16.25	H16	25
DOID:11589	G90.1	G90	1
DOID:11593	C67.2	C67	2
DOID:11594	H15.85	H15	85
DOID:116	C38.0	C38	0
DOID:11603	P83.4	P83	4
DOID:11612	E28.2	E28	2
DOID:11615	C60.2	C60	2
DOID:11615	C60.9	C60	9
DOID:11615	C60	C60	
DOID:11623	K04.1	K04	1
DOID:11629	N81.84	N81	84
DOID:11634	E03.9	E03	9
DOID:11637	H52.53	H52	53
DOID:11638	H52.4	H52	4
DOID:11653	H11.11	H11	11
DOID:11656	L12.1	L12	1
DOID:1166	M12.3	M12	3
DOID:1166	M12.30	M12	30
DOID:11661	H53.55	H53	55
DOID:11664	I12	I12	
DOID:11664	N26.9	N26	9
DOID:11665	Q91.7	Q91	7
DOID:11668	H02.73	H02	73
DOID:11669	H02.86	H02	86
DOID:11671	H02.72	H02	72
DOID:11678	B73	B73	
DOID:1168	E78.5	E78	5
DOID:11685	L82.0	L82	0
DOID:11693	K04.4	K04	4
DOID:11695	I81	I81	
DOID:117	C38.0	C38	0
DOID:11714	O24.4	O24	4
DOID:11716	R73.03	R73	03
DOID:11717	P70.2	P70	2
DOID:11719	G71.09	G71	09
DOID:1172	E78.1	E78	1
DOID:11720	G71.09	G71	09
DOID:11721	E74.09	E74	09
DOID:11722	G71.11	G71	11
DOID:11724	G71.03	G71	03
DOID:11724	G71.039	G71	039
DOID:11725	Q87.19	Q87	19
DOID:11727	G71.02	G71	02
DOID:11729	A69.2	A69	2
DOID:11729	A69.20	A69	20
DOID:11746	C57.3	C57	3
DOID:11747	C57.4	C57	4
DOID:11748	C57.2	C57	2
DOID:11750	A37.1	A37	1
DOID:11754	H44.32	H44	32
DOID:11759	D50	D50	
DOID:11771	H55.03	H55	03
DOID:11772	H44.53	H44	53
DOID:11781	H52.22	H52	22
DOID:11782	H52.20	H52	20
DOID:11782	H52.2	H52	2
DOID:11787	D73.2	D73	2
DOID:11797	J37.0	J37	0
DOID:11801	E46	E46	
DOID:11809	C67.5	C67	5
DOID:11811	C67.4	C67	4
DOID:11813	C67.0	C67	0
DOID:11814	C67.3	C67	3
DOID:11816	H43.81	H43	81
DOID:11817	C67.7	C67	7
DOID:11818	C67.6	C67	6
DOID:11819	C66	C66	
DOID:11820	C67.1	C67	1
DOID:11823	K76.7	K76	7
DOID:11824	E78.81	E78	81
DOID:11829	H44.2	H44	2
DOID:11830	H52.1	H52	1
DOID:11831	H47.61	H47	61
DOID:11836	Q66.0	Q66	0
DOID:11836	Q66.89	Q66	89
DOID:11839	C60.1	C60	1
DOID:1184	N04	N04	
DOID:11847	I22	I22	
DOID:11847	I21	I21	
DOID:11851	A30.0	A30	0
DOID:11853	H50.11	H50	11
DOID:11870	G31.01	G31	01
DOID:11871	H16.11	H16	11
DOID:11874	H53.61	H53	61
DOID:11875	K12.1	K12	1
DOID:1188	G58.9	G58	9
DOID:119	C52	C52	
DOID:11905	C51.0	C51	0
DOID:11914	K31.84	K31	84
DOID:11920	C33	C33	
DOID:11949	A81.0	A81	0
DOID:11949	A81.00	A81	00
DOID:11963	K20	K20	
DOID:11963	K20.90	K20	90
DOID:11963	K20.9	K20	9
DOID:11968	N95.2	N95	2
DOID:11975	Q14.2	Q14	2
DOID:11975	H47.31	H47	31
DOID:11975	H47.319	H47	319
DOID:11976	A05.1	A05	1
DOID:11983	Q87.11	Q87	11
DOID:11988	H11.12	H11	12
DOID:11990	A21.0	A21	0
DOID:11991	Q78.8	Q78	8
DOID:11994	N50.0	N50	0
DOID:11996	N44.0	N44	0
DOID:11996	N44.00	N44	00
DOID:11996	N44.02	N44	02
DOID:11997	N43.40	N43	40
DOID:11997	N43.4	N43	4
DOID:120	C57	C57	
DOID:12010	H47.01	H47	01
DOID:12016	C71.1	C71	1
DOID:12028	E26.01	E26	01
DOID:12028	E26.0	E26	0
DOID:12029	H44.13	H44	13
DOID:12030	H44.11	H44	11
DOID:12043	P57.0	P57	0
DOID:1205	T78.40	T78	40
DOID:12053	B45	B45	
DOID:12055	D86.81	D86	81
DOID:1206	F84.2	F84	2
DOID:12070	K31.82	K31	82
DOID:12087	H16.44	H16	44
DOID:1209	H46.2	H46	2
DOID:12096	A25.0	A25	0
DOID:12098	G50.0	G50	0
DOID:1210	H46	H46	
DOID:1210	H46.9	H46	9
DOID:12117	J84.02	J84	02
DOID:12118	J84.03	J84	03
DOID:12120	J84.01	J84	01
DOID:12123	J84.10	J84	10
DOID:12124	H15.11	H15	11
DOID:12125	H16.23	H16	23
DOID:12129	F50.2	F50	2
DOID:12132	M31.3	M31	3
DOID:12132	M31.30	M31	30
DOID:12134	D66	D66	
DOID:12139	F34.1	F34	1
DOID:12140	B57.2	B57	2
DOID:12140	B57	B57	
DOID:12148	B67.6	B67	6
DOID:12148	B67.7	B67	7
DOID:12155	A87.2	A87	2
DOID:12156	G03	G03	
DOID:12157	G03.0	G03	0
DOID:12161	H35.4	H35	4
DOID:12161	H35.40	H35	40
DOID:12162	H35.45	H35	45
DOID:12164	H35.42	H35	42
DOID:12165	H35.41	H35	41
DOID:12166	H35.43	H35	43
DOID:12167	H35.46	H35	46
DOID:12168	G56.2	G56	2
DOID:12168	G56.20	G56	20
DOID:12169	G56.0	G56	0
DOID:12169	G56.00	G56	00
DOID:12170	G56.3	G56	3
DOID:12170	G56.30	G56	30
DOID:12175	E07.1	E07	1
DOID:12176	E04.9	E04	9
DOID:12177	D83.9	D83	9
DOID:12177	D83	D83	
DOID:1218	B66.8	B66	8
DOID:12185	H80.80	H80	80
DOID:12185	H80.8	H80	8
DOID:1219	B66.2	B66	2
DOID:12190	C18.6	C18	6
DOID:12191	C18.5	C18	5
DOID:12192	C18.7	C18	7
DOID:12196	H16.10	H16	10
DOID:12197	H16.14	H16	14
DOID:12205	A90	A90	
DOID:12206	A91	A91	
DOID:12215	O41.0	O41	0
DOID:12215	O41.00	O41	00
DOID:12217	G31.83	G31	83
DOID:1222	M94.9	M94	9
DOID:1222	M91-M94	M91-M94	
DOID:12225	M67.5	M67	5
DOID:12234	K31.2	K31	2
DOID:12236	K74.3	K74	3
DOID:12236	K74.5	K74	5
DOID:12239	C44.520	C44	520
DOID:12241	D56.1	D56	1
DOID:12257	E27.5	E27	5
DOID:12259	D67	D67	
DOID:12265	N70.13	N70	13
DOID:12265	N70.1	N70	1
DOID:1227	D70	D70	
DOID:1227	D70.9	D70	9
DOID:12270	Q13.0	Q13	0
DOID:12271	Q13.1	Q13	1
DOID:12273	H52.31	H52	31
DOID:12275	A36.3	A36	3
DOID:12276	C62.0	C62	0
DOID:12282	I80.1	I80	1
DOID:12287	A98.0	A98	0
DOID:1229	F20.0	F20	0
DOID:12294	F32.89	F32	89
DOID:12297	H20.82	H20	82
DOID:12297	H30.81	H30	81
DOID:12304	H11.13	H11	13
DOID:12305	Q82.3	Q82	3
DOID:12306	L80	L80	
DOID:12307	H18.01	H18	01
DOID:12308	E80.6	E80	6
DOID:12309	D47.01	D47	01
DOID:12311	H18.06	H18	06
DOID:12318	H18.53	H18	53
DOID:12323	J45.991	J45	991
DOID:12325	I27.1	I27	1
DOID:12328	E41	E41	
DOID:1233	F65.1	F65	1
DOID:1233	F64.1	F64	1
DOID:12335	N50.1	N50	1
DOID:12336	N46.9	N46	9
DOID:12336	N46	N46	
DOID:12337	I86.1	I86	1
DOID:1234	F64.2	F64	2
DOID:12347	Q78.0	Q78	0
DOID:12349	H44.44	H44	44
DOID:1235	F65.0	F65	0
DOID:12355	N41.3	N41	3
DOID:12358	H69.0	H69	0
DOID:12358	H69.00	H69	00
DOID:12360	H05.21	H05	21
DOID:12361	E05.0	E05	0
DOID:12363	H05.25	H05	25
DOID:12364	H05.26	H05	26
DOID:12365	B54	B54	
DOID:12369	N81.0	N81	0
DOID:1237	H18.4	H18	4
DOID:1237	H18.40	H18	40
DOID:12375	J18.0	J18	0
DOID:12377	G12.9	G12	9
DOID:12385	A03	A03	
DOID:12385	A03.9	A03	9
DOID:12385	A03.0	A03	0
DOID:12385	A03.1	A03	1
DOID:12385	A03.2	A03	2
DOID:12386	A07.0	A07	0
DOID:12387	N25.1	N25	1
DOID:12399	F63.0	F63	0
DOID:1240	C95.9	C95	9
DOID:1240	C95	C95	
DOID:1240	C95.90	C95	90
DOID:12400	F63.2	F63	2
DOID:12401	F63.81	F63	81
DOID:12401	F60.3	F60	3
DOID:12402	F63.1	F63	1
DOID:12403	B35.3	B35	3
DOID:1241	H44.82	H44	82
DOID:1242	H44.39	H44	39
DOID:1243	C51.1	C51	1
DOID:12449	D61.9	D61	9
DOID:1245	C51.9	C51	9
DOID:1245	C51	C51	
DOID:12450	D61.81	D61	81
DOID:12465	N25.81	N25	81
DOID:1247	D68.9	D68	9
DOID:12474	B81.1	B81	1
DOID:12491	G52.2	G52	2
DOID:12506	G51.0	G51	0
DOID:12510	H35.82	H35	82
DOID:12522	J67.1	J67	1
DOID:12524	G57.60	G57	60
DOID:12524	G57.6	G57	6
DOID:12526	G57.50	G57	50
DOID:12526	G57.5	G57	5
DOID:12527	G57.3	G57	3
DOID:12527	G57.30	G57	30
DOID:12528	G57.00	G57	00
DOID:12528	G57.0	G57	0
DOID:12531	D69.8	D69	8
DOID:12531	D68.0	D68	0
DOID:12531	D68.00	D68	00
DOID:1254	B81.2	B81	2
DOID:12546	H73.82	H73	82
DOID:12550	K72.91	K72	91
DOID:12550	K76.82	K76	82
DOID:12554	D59.30	D59	30
DOID:12554	D59.3	D59	3
DOID:12556	N17.0	N17	0
DOID:12557	H50.81	H50	81
DOID:12558	H49.4	H49	4
DOID:12566	N77.0	N77	0
DOID:12573	P72.1	P72	1
DOID:12580	Q93.4	Q93	4
DOID:12581	M70.2	M70	2
DOID:12583	Q93.81	Q93	81
DOID:12594	Q60.6	Q60	6
DOID:12603	C95.00	C95	00
DOID:12603	C95.0	C95	0
DOID:12637	N81.81	N81	81
DOID:12638	Q40.0	Q40	0
DOID:12639	K31.1	K31	1
DOID:12641	Q40.1	Q40	1
DOID:12642	K44	K44	
DOID:12657	H93.3	H93	3
DOID:12657	H93.3X	H93	3X
DOID:12661	K03.5	K03	5
DOID:12662	B41	B41	
DOID:12662	B41.9	B41	9
DOID:12663	B40	B40	
DOID:12663	B40.9	B40	9
DOID:12667	H53.30	H53	30
DOID:12668	H53.31	H53	31
DOID:12678	E83.52	E83	52
DOID:12683	A88.1	A88	1
DOID:12683	H81.20	H81	20
DOID:12683	H81.2	H81	2
DOID:12685	F80.2	F80	2
DOID:12697	G83.5	G83	5
DOID:12698	N62	N62	
DOID:1270	I78.0	I78	0
DOID:12700	E22.1	E22	1
DOID:12705	G11.11	G11	11
DOID:1271	I78.9	I78	9
DOID:1271	I78	I78	
DOID:12711	B36.3	B36	3
DOID:12712	Q61.5	Q61	5
DOID:12714	Q77.6	Q77	6
DOID:12716	P22.0	P22	0
DOID:12720	I67.2	I67	2
DOID:12731	H30.2	H30	2
DOID:12733	K03.4	K03	4
DOID:12735	N83.4	N83	4
DOID:12735	N83.40	N83	40
DOID:12750	A07.4	A07	4
DOID:12753	H18.72	H18	72
DOID:12759	C69.3	C69	3
DOID:12783	G43.0	G43	0
DOID:12783	G43.009	G43	009
DOID:12797	F16.1	F16	1
DOID:12798	E76.3	E76	3
DOID:12799	E76.1	E76	1
DOID:12802	E76.0	E76	0
DOID:12803	E76.29	E76	29
DOID:12804	E76.219	E76	219
DOID:12809	H04.03	H04	03
DOID:1283	K46	K46	
DOID:1283	N81.5	N81	5
DOID:12835	G82.5	G82	5
DOID:12835	G82.50	G82	50
DOID:12841	B76.0	B76	0
DOID:12842	G61.0	G61	0
DOID:12849	F84.0	F84	0
DOID:12857	M76.6	M76	6
DOID:12858	G10	G10	
DOID:12883	F45.2	F45	2
DOID:12883	F45.21	F45	21
DOID:12889	G61.0	G61	0
DOID:1289	G31.9	G31	9
DOID:12894	M35.0	M35	0
DOID:12899	K11.8	K11	8
DOID:12900	K11.8	K11	8
DOID:12901	K11.8	K11	8
DOID:12904	K11.6	K11	6
DOID:12905	K11.5	K11	5
DOID:12918	I73.1	I73	1
DOID:12919	B53.0	B53	0
DOID:12929	I42.4	I42	4
DOID:12930	I42.0	I42	0
DOID:12934	H49.81	H49	81
DOID:12935	I42.6	I42	6
DOID:12958	H02.23	H02	23
DOID:12959	H02.2	H02	2
DOID:12959	H02.20	H02	20
DOID:12961	Q79.8	Q79	8
DOID:12971	D58.0	D58	0
DOID:12978	B51	B51	
DOID:12978	B51.9	B51	9
DOID:12987	D70	D70	
DOID:12995	F91	F91	
DOID:12995	F91.9	F91	9
DOID:12996	H04.32	H04	32
DOID:12997	H04.31	H04	31
DOID:13003	G45.0	G45	0
DOID:13014	B30.0	B30	0
DOID:13025	H35.17	H35	17
DOID:13025	H35.10	H35	10
DOID:13025	H35.1	H35	1
DOID:13026	B48.0	B48	0
DOID:13027	G45.4	G45	4
DOID:13031	N47.6	N47	6
DOID:13033	N48.1	N48	1
DOID:13034	A68	A68	
DOID:13034	A68.9	A68	9
DOID:13035	A68.0	A68	0
DOID:13036	A68.1	A68	1
DOID:13037	H02.22	H02	22
DOID:13038	H02.21	H02	21
DOID:13042	P29.30	P29	30
DOID:13042	P29.3	P29	3
DOID:13046	J01.3	J01	3
DOID:13046	J01.30	J01	30
DOID:13068	N25.0	N25	0
DOID:13078	B47	B47	
DOID:13078	B47.9	B47	9
DOID:13080	M12.0	M12	0
DOID:13080	M12.00	M12	00
DOID:13087	I45.6	I45	6
DOID:13088	P91.2	P91	2
DOID:13094	H34.23	H34	23
DOID:13098	H34.1	H34	1
DOID:13099	I67.5	I67	5
DOID:13117	L03.0	L03	0
DOID:13120	D53.0	D53	0
DOID:13133	O14.2	O14	2
DOID:13134	H00.01	H00	01
DOID:13134	H00.03	H00	03
DOID:13137	G12.0	G12	0
DOID:13141	H20.9	H20	9
DOID:13146	B37.81	B37	81
DOID:13148	N30.0	N30	0
DOID:13166	B44.81	B44	81
DOID:13168	C60.0	C60	0
DOID:13169	C63.1	C63	1
DOID:13174	H55.04	H55	04
DOID:13189	M10.9	M10	9
DOID:13189	M10	M10	
DOID:1319	C71	C71	
DOID:1319	C71.9	C71	9
DOID:13195	E04.9	E04	9
DOID:13195	E04.0	E04	0
DOID:13198	E01.2	E01	2
DOID:13206	N40	N40	
DOID:13214	H35.34	H35	34
DOID:13222	D25.0	D25	0
DOID:13223	D25.9	D25	9
DOID:13223	D25	D25	
DOID:13226	A21.1	A21	1
DOID:13238	A25.1	A25	1
DOID:1324	C34.1	C34	1
DOID:1324	C34.2	C34	2
DOID:1324	C34.3	C34	3
DOID:13240	K03.3	K03	3
DOID:13241	M35.2	M35	2
DOID:1325	C34	C34	
DOID:1325	C34.9	C34	9
DOID:13258	A01.00	A01	00
DOID:13258	A01.0	A01	0
DOID:13268	E80.20	E80	20
DOID:13269	E80.29	E80	29
DOID:13270	E80.0	E80	0
DOID:13271	E80.0	E80	0
DOID:1328	A92.4	A92	4
DOID:13300	M42.0	M42	0
DOID:13300	M42.00	M42	00
DOID:13306	A36.85	A36	85
DOID:13310	A36.89	A36	89
DOID:13316	K86.81	K86	81
DOID:13317	E16.9	E16	9
DOID:13326	H10.43	H10	43
DOID:13329	H46.3	H46	3
DOID:13333	K14.3	K14	3
DOID:13336	P37.1	P37	1
DOID:13348	C32.3	C32	3
DOID:13351	F65.4	F65	4
DOID:13353	H16.32	H16	32
DOID:13357	M22.4	M22	4
DOID:13359	Q79.6	Q79	6
DOID:13359	Q79.60	Q79	60
DOID:13366	G25.82	G25	82
DOID:13369	B35.2	B35	2
DOID:13371	A75.3	A75	3
DOID:13372	E88.01	E88	01
DOID:13374	M61.1	M61	1
DOID:13374	M61.10	M61	10
DOID:13378	M30.3	M30	3
DOID:1338	D64.4	D64	4
DOID:13381	D51.0	D51	0
DOID:13382	D53.1	D53	1
DOID:13386	A22.2	A22	2
DOID:13399	H53.5	H53	5
DOID:13399	H53.50	H53	50
DOID:13402	D86.3	D86	3
DOID:13404	D86.89	D86	89
DOID:13406	D86.0	D86	0
DOID:13409	K83.2	K83	2
DOID:13413	K76.82	K76	82
DOID:1342	D61.0	D61	0
DOID:1342	D61.01	D61	01
DOID:1343	N34.2	N34	2
DOID:13444	A24.0	A24	0
DOID:13446	I65.1	I65	1
DOID:13447	H18.02	H18	02
DOID:13448	H18.05	H18	05
DOID:13450	B38.9	B38	9
DOID:13450	B38	B38	
DOID:13452	H15.0	H15	0
DOID:13452	H15.00	H15	00
DOID:13453	A54.49	A54	49
DOID:13461	N36.42	N36	42
DOID:13473	H11.02	H11	02
DOID:13476	C32.1	C32	1
DOID:13481	Q77.1	Q77	1
DOID:13487	F84.3	F84	3
DOID:13498	N34.3	N34	3
DOID:13499	C17.1	C17	1
DOID:13501	Q87.0	Q87	0
DOID:13507	N30.3	N30	3
DOID:13515	Q85.1	Q85	1
DOID:13520	P39.0	P39	0
DOID:13521	A33	A33	
DOID:13523	B74.3	B74	3
DOID:13533	Q78.2	Q78	2
DOID:13543	E21.3	E21	3
DOID:13544	H40.12	H40	12
DOID:13548	G21.9	G21	9
DOID:13548	G21	G21	
DOID:13549	H40.23	H40	23
DOID:13560	D25.2	D25	2
DOID:13561	H47.32	H47	32
DOID:13564	B44.9	B44	9
DOID:13564	B44	B44	
DOID:1357	C31.0	C31	0
DOID:13576	O43.02	O43	02
DOID:13576	O43.029	O43	029
DOID:13579	E40	E40	
DOID:13580	K83.1	K83	1
DOID:13585	M27.3	M27	3
DOID:13589	N97.2	N97	2
DOID:13593	O15	O15	
DOID:13593	O15.9	O15	9
DOID:1360	C31.2	C31	2
DOID:13608	Q44.2	Q44	2
DOID:13620	Q21.12	Q21	12
DOID:13626	H16.13	H16	13
DOID:13628	D55.0	D55	0
DOID:1363	C31.1	C31	1
DOID:13636	D61.09	D61	09
DOID:13651	H04.52	H04	52
DOID:13653	H04.56	H04	56
DOID:13654	H04.54	H04	54
DOID:13654	H04.549	H04	549
DOID:13655	H04.55	H04	55
DOID:13662	K62.6	K62	6
DOID:13664	G04.02	G04	02
DOID:13676	H15.03	H15	03
DOID:13687	K31.5	K31	5
DOID:13689	N42.0	N42	0
DOID:13709	F52.4	F52	4
DOID:13711	K00.3	K00	3
DOID:13724	E54	E54	
DOID:13725	E51.1	E51	1
DOID:13725	E51.11	E51	11
DOID:13736	N71.9	N71	9
DOID:13738	K76.3	K76	3
DOID:13739	K76.1	K76	1
DOID:1375	P39.3	P39	3
DOID:13756	H04.22	H04	22
DOID:13757	H04.20	H04	20
DOID:13757	H04.2	H04	2
DOID:13760	B85.3	B85	3
DOID:13767	B66.1	B66	1
DOID:13768	B66.0	B66	0
DOID:13774	E27.1	E27	1
DOID:13775	B07.0	B07	0
DOID:13778	A57	A57	
DOID:13781	M35.7	M35	7
DOID:13787	H15.82	H15	82
DOID:13788	H15.81	H15	81
DOID:13789	H15.83	H15	83
DOID:13790	H73.0	H73	0
DOID:13790	H73.00	H73	00
DOID:13790	H73.009	H73	009
DOID:13791	H73.01	H73	01
DOID:13794	H15.01	H15	01
DOID:13799	C50.11	C50	11
DOID:1380	C54.1	C54	1
DOID:13800	A74.0	A74	0
DOID:13809	E78.49	E78	49
DOID:1381	L75.2	L75	2
DOID:13810	E78.01	E78	01
DOID:13810	E78.00	E78	00
DOID:13814	G52.3	G52	3
DOID:13819	A55	A55	
DOID:1382	L74.3	L74	3
DOID:13825	H01.02	H01	02
DOID:1383	L74.9	L74	9
DOID:1383	L74	L74	
DOID:13832	Q25.0	Q25	0
DOID:13839	G20-G26	G20-G26	
DOID:13839	G25.9	G25	9
DOID:1386	E78.6	E78	6
DOID:13861	H15.04	H15	04
DOID:13862	H40.21	H40	21
DOID:13864	H49.1	H49	1
DOID:13866	G52.7	G52	7
DOID:13868	F52.0	F52	0
DOID:1387	E78.6	E78	6
DOID:1388	E78.6	E78	6
DOID:13884	I49.5	I49	5
DOID:1389	G62.9	G62	9
DOID:1389	A69.22	A69	22
DOID:13891	J67.2	J67	2
DOID:13902	B36.2	B36	2
DOID:1391	E78.6	E78	6
DOID:13911	H53.51	H53	51
DOID:13912	H53.52	H53	52
DOID:13918	F45.0	F45	0
DOID:4737	F45.0	F45	0
DOID:13919	H52.21	H52	21
DOID:13922	K20.0	K20	0
DOID:13924	A69.1	A69	1
DOID:1393	H47.9	H47	9
DOID:13934	G51.0	G51	0
DOID:13938	N91.2	N91	2
DOID:13945	I67.850	I67	850
DOID:13948	N32.0	N32	0
DOID:13955	D25.1	D25	1
DOID:1397	H05.1	H05	1
DOID:13972	C50.51	C50	51
DOID:1398	H44.12	H44	12
DOID:13994	Q74.0	Q74	0
DOID:13999	H10.53	H10	53
DOID:1400	H04.9	H04	9
DOID:1400	H04	H04	
DOID:14000	H21.1	H21	1
DOID:14018	K70.3	K70	3
DOID:14019	A23.3	A23	3
DOID:14021	M94.0	M94	0
DOID:14022	M89.0	M89	0
DOID:14022	M89.00	M89	00
DOID:14026	D52.9	D52	9
DOID:14026	D52	D52	
DOID:1404	H40.24	H40	24
DOID:14040	E31.0	E31	0
DOID:1405	H40.20	H40	20
DOID:1405	H40.2	H40	2
DOID:14059	C68.1	C68	1
DOID:14067	B50.9	B50	9
DOID:14067	B50	B50	
DOID:14069	B50.0	B50	0
DOID:14075	G51.1	G51	1
DOID:14087	M77.1	M77	1
DOID:14092	I70.1	I70	1
DOID:14095	A77.1	A77	1
DOID:14107	M65.4	M65	4
DOID:14110	C21.1	C21	1
DOID:14110	C21.0	C21	0
DOID:14111	K14.2	K14	2
DOID:14115	A48.3	A48	3
DOID:14118	E78.3	E78	3
DOID:1412	R82.71	R82	71
DOID:14130	N81.12	N81	12
DOID:14131	N81.11	N81	11
DOID:14146	N20.1	N20	1
DOID:14159	G91.1	G91	1
DOID:1417	H31.9	H31	9
DOID:14172	I09.81	I09	81
DOID:14175	Q85.83	Q85	83
DOID:14176	D80.3	D80	3
DOID:14181	M75.3	M75	3
DOID:14183	G62.1	G62	1
DOID:14184	G62.0	G62	0
DOID:14188	M75.0	M75	0
DOID:14199	H27.13	H27	13
DOID:14203	M33.0	M33	0
DOID:14213	E83.39	E83	39
DOID:14219	N25.89	N25	89
DOID:14221	E88.81	E88	81
DOID:14223	E70.29	E70	29
DOID:14225	J01.10	J01	10
DOID:14225	J01.1	J01	1
DOID:14227	N46.0	N46	0
DOID:14227	N46.01	N46	01
DOID:14228	N46.11	N46	11
DOID:14228	N46.1	N46	1
DOID:14230	H15.05	H15	05
DOID:14233	H05.81	H05	81
DOID:14244	H04.21	H04	21
DOID:14245	H35.35	H35	35
DOID:14247	H66.3	H66	3
DOID:14248	H66.2	H66	2
DOID:14248	H66.20	H66	20
DOID:14250	Q90	Q90	
DOID:14250	Q90.9	Q90	9
DOID:14251	H35.51	H35	51
DOID:14252	H35.54	H35	54
DOID:14256	M06.1	M06	1
DOID:14261	Q99.2	Q99	2
DOID:14262	B37.0	B37	0
DOID:14262	B37.9	B37	9
DOID:14268	K83.09	K83	09
DOID:14269	K83.09	K83	09
DOID:14270	K83.09	K83	09
DOID:14275	N90.5	N90	5
DOID:14276	M75.4	M75	4
DOID:1428	E16	E16	
DOID:14283	M89.4	M89	4
DOID:14286	M14.6	M14	6
DOID:14287	H15.02	H15	02
DOID:14289	Q22.5	Q22	5
DOID:14292	N90.4	N90	4
DOID:1432	H54	H54	
DOID:14320	F41.1	F41	1
DOID:14323	Q87.4	Q87	4
DOID:14323	Q87.40	Q87	40
DOID:14324	B52	B52	
DOID:14324	B52.9	B52	9
DOID:14330	G20	G20	
DOID:14332	G21.3	G21	3
DOID:14336	E28.0	E28	0
DOID:14350	E06.0	E06	0
DOID:14351	E06.5	E06	5
DOID:14353	E06.0	E06	0
DOID:1436	H18.71	H18	71
DOID:14365	E71.41	E71	41
DOID:14384	C71.3	C71	3
DOID:1439	R82.81	R82	81
DOID:14392	I82.1	I82	1
DOID:14397	A07.8	A07	8
DOID:14402	G62.81	G62	81
DOID:14415	M91.2	M91	2
DOID:14415	M91.1	M91	1
DOID:14415	M91.3	M91	3
DOID:14418	B72	B72	
DOID:14423	G52.1	G52	1
DOID:14435	H66.1	H66	1
DOID:14435	H66.10	H66	10
DOID:14443	L50.5	L50	5
DOID:14444	H16.33	H16	33
DOID:14445	H40.22	H40	22
DOID:14451	G72.3	G72	3
DOID:14452	G72.3	G72	3
DOID:14453	J67.0	J67	0
DOID:14456	A23.0	A23	0
DOID:14457	A23.1	A23	1
DOID:14464	G21.0	G21	0
DOID:14482	O26.4	O26	4
DOID:14482	O26.40	O26	40
DOID:14484	B42	B42	
DOID:14484	B42.9	B42	9
DOID:14495	K91.1	K91	1
DOID:14497	E75.5	E75	5
DOID:14499	E75.21	E75	21
DOID:14500	E77.1	E77	1
DOID:14503	E75.4	E75	4
DOID:14504	E75.249	E75	249
DOID:14504	E75.24	E75	24
DOID:14507	H18.46	H18	46
DOID:14512	B37.2	B37	2
DOID:14522	H34.219	H34	219
DOID:14522	H34.21	H34	21
DOID:14523	H57.01	H57	01
DOID:14525	G93.7	G93	7
DOID:14529	K03.3	K03	3
DOID:1453	K14.4	K14	4
DOID:14546	C31.3	C31	3
DOID:1455	K14.1	K14	1
DOID:14555	H47.14	H47	14
DOID:14557	I27.0	I27	0
DOID:1456	K14.0	K14	0
DOID:1458	E89.0	E89	0
DOID:1459	E03.9	E03	9
DOID:1461	I75	I75	
DOID:14654	N41.9	N41	9
DOID:14654	N41	N41	
DOID:14679	Q87.2	Q87	2
DOID:1468	H83.09	H83	09
DOID:1468	H83.0	H83	0
DOID:14681	Q87.19	Q87	19
DOID:14686	Q13.81	Q13	81
DOID:14687	Q77.5	Q77	5
DOID:14692	E78.72	E78	72
DOID:14695	E74.29	E74	29
DOID:14699	Q87.2	Q87	2
DOID:1470	F32	F32	
DOID:1470	F32.9	F32	9
DOID:1470	F33	F33	
DOID:1470	F33.9	F33	9
DOID:14701	E71.121	E71	121
DOID:14717	G71.228	G71	228
DOID:14717	G71.22	G71	22
DOID:1474	K05.2	K05	2
DOID:14748	Q87.3	Q87	3
DOID:1475	D18.1	D18	1
DOID:14753	E71.110	E71	110
DOID:14757	Q79.62	Q79	62
DOID:14796	Q87.19	Q87	19
DOID:1485	E84	E84	
DOID:1485	E84.9	E84	9
DOID:1495	B67.4	B67	4
DOID:1496	B67	B67	
DOID:1496	B67.90	B67	90
DOID:1498	A00	A00	
DOID:1498	A00.9	A00	9
DOID:1498	A00.0	A00	0
DOID:150	F99	F99	
DOID:150	F99-F99	F99-F99	
DOID:1508	B37.9	B37	9
DOID:1508	B37	B37	
DOID:1509	F60.6	F60	6
DOID:1521	C18.0	C18	0
DOID:1525	M35.6	M35	6
DOID:1526	M79.3	M79	3
DOID:1529	N48.89	N48	89
DOID:1529	N48.8	N48	8
DOID:1540	C75.0	C75	0
DOID:1554	L50.4	L50	4
DOID:1556	T78.41	T78	41
DOID:1558	T78.3	T78	3
DOID:1561	F09	F09	
DOID:1562	B43.9	B43	9
DOID:1564	B35-B49	B35-B49	
DOID:1564	B49	B49	
DOID:1570	H02.10	H02	10
DOID:1570	H02.109	H02	109
DOID:1570	H02.1	H02	1
DOID:1572	G91.2	G91	2
DOID:1573	G91.0	G91	0
DOID:1574	F10.1	F10	1
DOID:1578	M34.81	M34	81
DOID:1579	J98	J98	
DOID:1579	J96-J99	J96-J99	
DOID:1583	A15.5	A15	5
DOID:1586	I00-I02	I00-I02	
DOID:1586	I00	I00	
DOID:1588	D69.6	D69	6
DOID:1591	I15.0	I15	0
DOID:1596	F33.9	F33	9
DOID:1602	I88.1	I88	1
DOID:1602	I88.9	I88	9
DOID:1602	L04	L04	
DOID:1602	L04.9	L04	9
DOID:1607	E15	E15	
DOID:1612	C50	C50	
DOID:1612	C50-C50	C50-C50	
DOID:1618	D24	D24	
DOID:162	C80	C80	
DOID:162	C80.1	C80	1
DOID:1631	D48.6	D48	6
DOID:1639	A18.0	A18	0
DOID:1649	C50.31	C50	31
DOID:1650	C50.61	C50	61
DOID:1657	Q21.0	Q21	0
DOID:1659	C71.0	C71	0
DOID:1672	J93.0	J93	0
DOID:1673	J93.1	J93	1
DOID:1678	N30.1	N30	1
DOID:1679	N30.9	N30	9
DOID:1679	N30	N30	
DOID:1680	N30.2	N30	2
DOID:1681	Q21.9	Q21	9
DOID:1681	Q21	Q21	
DOID:1682	Q24.9	Q24	9
DOID:1686	H40.9	H40	9
DOID:1686	H40	H40	
DOID:1686	H40-H42	H40-H42	
DOID:169	D3A.8	D3A	8
DOID:170	C75.9	C75	9
DOID:1700	Q80.1	Q80	1
DOID:1702	Q80.0	Q80	0
DOID:1703	C91.1	C91	1
DOID:1712	Q25.1	Q25	1
DOID:1712	Q23.0	Q23	0
DOID:1712	I06.0	I06	0
DOID:1713	G25.83	G25	83
DOID:1724	K26	K26	
DOID:1725	C48.1	C48	1
DOID:1726	H34.82	H34	82
DOID:1729	H34	H34	
DOID:1729	H34.9	H34	9
DOID:1731	B39	B39	
DOID:1731	B39.9	B39	9
DOID:1733	A07.2	A07	2
DOID:1756	G51	G51	
DOID:1756	G51.9	G51	9
DOID:1759	B39.4	B39	4
DOID:1761	G51.2	G51	2
DOID:1762	K13.0	K13	0
DOID:1768	F44	F44	
DOID:1770	K59.31	K59	31
DOID:178	I72.9	I72	9
DOID:1781	C73	C73	
DOID:1785	C75.1	C75	1
DOID:1788	C45.1	C45	1
DOID:1793	C25.0	C25	0
DOID:1793	C25.1	C25	1
DOID:1793	C25.2	C25	2
DOID:1798	C25.4	C25	4
DOID:1799	D13.7	D13	7
DOID:1799	C25.4	C25	4
DOID:1811	M89.0	M89	0
DOID:1811	G90.5	G90	5
DOID:1822	H04.15	H04	15
DOID:1826	G40.9	G40	9
DOID:1826	G40.909	G40	909
DOID:1835	G58.7	G58	7
DOID:1849	F12.2	F12	2
DOID:1856	M27.8	M27	8
DOID:1858	Q78.1	Q78	1
DOID:1866	M27.1	M27	1
DOID:1869	I09.2	I09	2
DOID:1876	F52.9	F52	9
DOID:1876	R37	R37	
DOID:1882	Q21.10	Q21	10
DOID:1882	Q21.1	Q21	1
DOID:1883	B19.20	B19	20
DOID:1883	B19.2	B19	2
DOID:1893	H01.13	H01	13
DOID:1894	H01.1	H01	1
DOID:1919	E79.1	E79	1
DOID:1921	Q98.4	Q98	4
DOID:1921	Q98.0	Q98	0
DOID:1926	E75.22	E75	22
DOID:1927	E75.3	E75	3
DOID:1928	Q93.82	Q93	82
DOID:1929	Q25.3	Q25	3
DOID:1932	Q93.51	Q93	51
DOID:1933	Q87.2	Q87	2
DOID:1935	Q87.89	Q87	89
DOID:1936	I70	I70	
DOID:1936	I25.1	I25	1
DOID:2348	I70	I70	
DOID:2348	I25.1	I25	1
DOID:1942	H50.3	H50	3
DOID:1942	H50.30	H50	30
DOID:1943	L65.0	L65	0
DOID:1947	A59.9	A59	9
DOID:1947	A59	A59	
DOID:1949	K81	K81	
DOID:1949	K81.9	K81	9
DOID:1964	C57.0	C57	0
DOID:1969	G80	G80	
DOID:1969	G80.9	G80	9
DOID:1979	H30.0	H30	0
DOID:1979	H30.00	H30	00
DOID:1993	C20	C20	
DOID:1999	H68.02	H68	02
DOID:1999	H68.029	H68	029
DOID:2000	H68.0	H68	0
DOID:2000	H68.00	H68	00
DOID:2000	H68.009	H68	009
DOID:2007	H35.3	H35	3
DOID:2012	D81.4	D81	4
DOID:2018	E16.1	E16	1
DOID:2021	C58	C58	
DOID:203	M27.8	M27	8
DOID:2030	F41.9	F41	9
DOID:2033	F80.9	F80	9
DOID:204	M77.9	M77	9
DOID:205	M89.3	M89	3
DOID:205	M89.30	M89	30
DOID:2050	J01.0	J01	0
DOID:2050	J01.00	J01	00
DOID:2051	J32.0	J32	0
DOID:2055	F43.10	F43	10
DOID:2055	F43.1	F43	1
DOID:206	Q78.6	Q78	6
DOID:2073	P78.0	P78	0
DOID:2088	K59.02	K59	02
DOID:2089	K59.0	K59	0
DOID:2089	K59.00	K59	00
DOID:2092	M12.8	M12	8
DOID:2095	C44	C44	
DOID:210	M77.3	M77	3
DOID:210	M77.30	M77	30
DOID:2112	A07.3	A07	3
DOID:2122	A21.2	A21	2
DOID:2135	C71.2	C71	2
DOID:214	K03.8	K03	8
DOID:214	K03.89	K03	89
DOID:2149	A18.10	A18	10
DOID:2149	A18.1	A18	1
DOID:216	K02.9	K02	9
DOID:216	K02	K02	
DOID:216	K02.6	K02	6
DOID:218	C18.2	C18	2
DOID:2181	E89.1	E89	1
DOID:2187	K00.5	K00	5
DOID:219	C18	C18	
DOID:219	C18.9	C18	9
DOID:2213	D69.9	D69	9
DOID:2215	D68.2	D68	2
DOID:2216	D68.2	D68	2
DOID:2219	D69.1	D69	1
DOID:222	H61.00	H61	00
DOID:222	H61.009	H61	009
DOID:222	H61.0	H61	0
DOID:2224	D47.3	D47	3
DOID:2226	D47.1	D47	1
DOID:2228	D75.83	D75	83
DOID:2228	D75.839	D75	839
DOID:2229	D68.1	D68	1
DOID:2237	K73.9	K73	9
DOID:224	G45.9	G45	9
DOID:2247	M47.9	M47	9
DOID:2247	M47	M47	
DOID:2251	N88.4	N88	4
DOID:2256	Q78.9	Q78	9
DOID:227	M24.6	M24	6
DOID:2272	B37.31	B37	31
DOID:2272	B37.3	B37	3
DOID:2273	N76.0	N76	0
DOID:2275	J02.9	J02	9
DOID:2275	J02	J02	
DOID:2280	L73.2	L73	2
DOID:2297	A27.9	A27	9
DOID:2297	A27	A27	
DOID:2297	A27.0	A27	0
DOID:230	G12.23	G12	23
DOID:2300	M43.0	M43	0
DOID:2300	M43.00	M43	00
DOID:2303	F98.4	F98	4
DOID:231	G12.2	G12	2
DOID:231	G12.20	G12	20
DOID:2312	A43	A43	
DOID:2312	A43.9	A43	9
DOID:2314	J67.4	J67	4
DOID:2326	K52.9	K52	9
DOID:2338	C41.1	C41	1
DOID:2339	Q75.1	Q75	1
DOID:2340	Q75.0	Q75	0
DOID:2344	D89.0	D89	0
DOID:2347	I70.91	I70	91
DOID:2349	I70	I70	
DOID:2351	E83.1	E83	1
DOID:2351	E83.10	E83	10
DOID:2352	E83.110	E83	110
DOID:2352	E83.119	E83	119
DOID:2352	E83.11	E83	11
DOID:2354	D61.82	D61	82
DOID:2355	D64.9	D64	9
DOID:2364	I87.0	I87	0
DOID:2365	A92.31	A92	31
DOID:2366	A92.30	A92	30
DOID:2366	A92.3	A92	3
DOID:2368	E75.10	E75	10
DOID:2373	D58.1	D58	1
DOID:2377	G35	G35	
DOID:2382	P57	P57	
DOID:2382	P57.9	P57	9
DOID:2383	P59.9	P59	9
DOID:2384	E51.2	E51	2
DOID:2394	C56	C56	
DOID:2401	C51.2	C51	2
DOID:2409	B48.1	B48	1
DOID:2450	H34.81	H34	81
DOID:2451	D68.59	D68	59
DOID:2452	D68.59	D68	59
DOID:2455	H10.52	H10	52
DOID:2456	H10.5	H10	5
DOID:2456	H10.50	H10	50
DOID:2460	H27.12	H27	12
DOID:2474	H10.44	H10	44
DOID:2475	H10.4	H10	4
DOID:2475	H10.40	H10	40
DOID:2476	G11.4	G11	4
DOID:2477	G60.0	G60	0
DOID:2479	H81.4	H81	4
DOID:2498	K03.2	K03	2
DOID:2508	M31.4	M31	4
DOID:2517	D18.02	D18	02
DOID:2518	N45.2	N45	2
DOID:2529	D73.9	D73	9
DOID:2529	D73	D73	
DOID:2530	D73.3	D73	3
DOID:2533	D73.5	D73	5
DOID:2536	G61.81	G61	81
DOID:5213	G61.81	G61	81
DOID:2538	G40.8	G40	8
DOID:254	D18.03	D18	03
DOID:255	D18.00	D18	00
DOID:255	D18.0	D18	0
DOID:2556	M94.1	M94	1
DOID:2557	M94.2	M94	2
DOID:2557	M94.20	M94	20
DOID:2559	F11.2	F11	2
DOID:2565	H18.55	H18	55
DOID:2566	H18.50	H18	50
DOID:2566	H18.5	H18	5
DOID:2568	N72	N72	
DOID:2571	C96.6	C96	6
DOID:2571	C96.0	C96	0
DOID:2580	E71.540	E71	540
DOID:2581	Q77.3	Q77	3
DOID:2583	D80.1	D80	1
DOID:2590	N04	N04	
DOID:2595	C32.0	C32	0
DOID:2596	C32.9	C32	9
DOID:2596	C32	C32	
DOID:26	K86.8	K86	8
DOID:26	K86.89	K86	89
DOID:260	C18.3	C18	3
DOID:261	C18.4	C18	4
DOID:263	C64	C64	
DOID:2645	C45	C45	
DOID:2645	C45.9	C45	9
DOID:2658	K09.8	K09	8
DOID:268	C22.3	C22	3
DOID:2691	D21	D21	
DOID:2702	M12.2	M12	2
DOID:2708	J67.5	J67	5
DOID:2712	N47.1	N47	1
DOID:2718	J94.2	J94	2
DOID:2723	L30.9	L30	9
DOID:2725	Q82.5	Q82	5
DOID:2730	Q81.9	Q81	9
DOID:2730	Q81	Q81	
DOID:2732	Q82.8	Q82	8
DOID:2733	L90	L90	
DOID:2733	L90.9	L90	9
DOID:2734	E50.8	E50	8
DOID:2739	E80.4	E80	4
DOID:2742	H93.9	H93	9
DOID:2742	H93.90	H93	90
DOID:2743	N28.85	N28	85
DOID:2744	N12	N12	
DOID:2745	F60.81	F60	81
DOID:2746	E74.04	E74	04
DOID:2747	E74.00	E74	00
DOID:2747	E74.0	E74	0
DOID:2748	E74.03	E74	03
DOID:2750	E74.09	E74	09
DOID:2752	E74.02	E74	02
DOID:2754	E74.09	E74	09
DOID:2768	F95.0	F95	0
DOID:2769	F95	F95	
DOID:2769	F95.9	F95	9
DOID:2770	L22	L22	
DOID:2772	L24.9	L24	9
DOID:2772	L24	L24	
DOID:2773	L25	L25	
DOID:2773	L25.9	L25	9
DOID:2782	C19	C19	
DOID:2785	Q03.1	Q03	1
DOID:2789	B50-B64	B50-B64	
DOID:2789	B64	B64	
DOID:2790	B76.1	B76	1
DOID:2797	J84.114	J84	114
DOID:2797	J84.11	J84	11
DOID:2797	J84.112	J84	112
DOID:28	E34.9	E34	9
DOID:2800	J84.114	J84	114
DOID:2814	C72.4	C72	4
DOID:2815	C72.50	C72	50
DOID:2832	B48.3	B48	3
DOID:2834	D75.1	D75	1
DOID:2838	D75.1	D75	1
DOID:2839	D75.1	D75	1
DOID:2841	J45.90	J45	90
DOID:2841	J45.909	J45	909
DOID:2841	J45	J45	
DOID:2843	I45.81	I45	81
DOID:2846	F45.8	F45	8
DOID:2846	G47.63	G47	63
DOID:285	C91.4	C91	4
DOID:285	C91.40	C91	40
DOID:2856	E07.81	E07	81
DOID:2859	D58.2	D58	2
DOID:2860	D58.2	D58	2
DOID:2879	H18.45	H18	45
DOID:288	N80.0	N80	0
DOID:289	N80.9	N80	9
DOID:289	N80	N80	
DOID:2907	Q87.0	Q87	0
DOID:2908	Q75.4	Q75	4
DOID:2913	K85	K85	
DOID:2913	K85.9	K85	9
DOID:2914	D89.9	D89	9
DOID:2916	C88.9	C88	9
DOID:2917	D89.1	D89	1
DOID:2921	N05	N05	
DOID:2921	N08	N08	
DOID:2926	Q87.2	Q87	2
DOID:2935	D72.0	D72	0
DOID:2935	E70.330	E70	330
DOID:2945	J12.81	J12	81
DOID:2951	T75.3	T75	3
DOID:2952	H80-H83	H80-H83	
DOID:2952	H83.9	H83	9
DOID:2952	H83.90	H83	90
DOID:2957	A15	A15	
DOID:2957	A15.0	A15	0
DOID:2962	Q87.19	Q87	19
DOID:2964	M77.9	M77	9
DOID:2965	M71.9	M71	9
DOID:2972	N28.0	N28	0
DOID:2973	N17.1	N17	1
DOID:2977	E72.53	E72	53
DOID:2977	R82.992	R82	992
DOID:2978	E74.9	E74	9
DOID:2987	M04.1	M04	1
DOID:2988	D68.61	D68	61
DOID:2998	C62.9	C62	9
DOID:2998	C62	C62	
DOID:2998	C62.90	C62	90
DOID:3042	L23.9	L23	9
DOID:3042	L23	L23	
DOID:3049	M30.1	M30	1
DOID:3052	N15.0	N15	0
DOID:3055	A01.4	A01	4
DOID:3055	A01.1	A01	1
DOID:3055	A01.2	A01	2
DOID:3055	A01.3	A01	3
DOID:3082	J84.9	J84	9
DOID:3083	J44.9	J44	9
DOID:3086	K06.1	K06	1
DOID:3087	K05.1	K05	1
DOID:3087	K05.10	K05	10
DOID:3087	K05.00	K05	00
DOID:3087	K05.0	K05	0
DOID:3096	H04.57	H04	57
DOID:3096	H04.579	H04	579
DOID:310	E88.42	E88	42
DOID:3103	G54.0	G54	0
DOID:3119	C26.9	C26	9
DOID:3121	C23	C23	
DOID:3127	K62.89	K62	89
DOID:3132	E80.1	E80	1
DOID:3138	L83	L83	
DOID:3144	Q82.8	Q82	8
DOID:3153	E88.2	E88	2
DOID:3166	D72.823	D72	823
DOID:319	G95.9	G95	9
DOID:3191	G71.21	G71	21
DOID:320	G95.1	G95	1
DOID:3204	Q85.03	Q85	03
DOID:321	G04.1	G04	1
DOID:3225	S12.8	S12	8
DOID:3241	J69.1	J69	1
DOID:3263	E70.39	E70	39
DOID:3265	D71	D71	
DOID:3277	C37	C37	
DOID:3292	B04	B04	
DOID:331	G96.9	G96	9
DOID:3310	L20	L20	
DOID:3310	L20.81	L20	81
DOID:3310	L20.9	L20	9
DOID:3312	F31	F31	
DOID:3312	F31.9	F31	9
DOID:3315	D17.9	D17	9
DOID:3315	D17	D17	
DOID:332	G12.21	G12	21
DOID:3320	E75.02	E75	02
DOID:3321	E75.0	E75	0
DOID:3321	E75.00	E75	00
DOID:3322	E75.19	E75	19
DOID:3323	E75.01	E75	01
DOID:3324	F30-F39	F30-F39	
DOID:3324	F39	F39	
DOID:3326	D69.2	D69	2
DOID:334	F60.4	F60	4
DOID:3362	I25.41	I25	41
DOID:3388	K05.6	K05	6
DOID:3390	L85.2	L85	2
DOID:3393	I25.10	I25	10
DOID:3393	I25.1	I25	1
DOID:3393	K76.1	K76	1
DOID:3393	I20-I25	I20-I25	
DOID:3393	I25.9	I25	9
DOID:3393	I25	I25	
DOID:3401	E22.2	E22	2
DOID:3418	G52	G52	
DOID:3426	H81.9	H81	9
DOID:3426	H81	H81	
DOID:3426	H81.90	H81	90
DOID:3429	G72.41	G72	41
DOID:345	N85.9	N85	9
DOID:3463	N64.9	N64	9
DOID:3463	N60-N65	N60-N65	
DOID:348	H02.3	H02	3
DOID:3481	A20.7	A20	7
DOID:3482	A20	A20	
DOID:3482	A20.9	A20	9
DOID:3488	L03.90	L03	90
DOID:349	D47.02	D47	02
DOID:3490	Q87.19	Q87	19
DOID:3491	Q96.9	Q96	9
DOID:3491	Q96	Q96	
DOID:3491	Q96.0	Q96	0
DOID:3492	M35.1	M35	1
DOID:350	D47.09	D47	09
DOID:350	Q82.2	Q82	2
DOID:3522	G46.3	G46	3
DOID:3526	I63.9	I63	9
DOID:3526	I63	I63	
DOID:3529	G71.29	G71	29
DOID:3541	C71.5	C71	5
DOID:355	C96.22	C96	22
DOID:355	C96.2	C96	2
DOID:3558	K31.5	K31	5
DOID:3565	D32.9	D32	9
DOID:3571	C22.0	C22	0
DOID:3571	C22.9	C22	9
DOID:3587	C25.3	C25	3
DOID:3590	O01	O01	
DOID:3590	O01.9	O01	9
DOID:3590	O01.0	O01	0
DOID:3594	C58	C58	
DOID:361	N80.0	N80	0
DOID:3612	H30.9	H30	9
DOID:3614	E23.0	E23	0
DOID:3620	C72.9	C72	9
DOID:3627	I71.9	I71	9
DOID:3627	I71.1	I71	1
DOID:3627	I71.10	I71	10
DOID:3627	I71.3	I71	3
DOID:3627	I71.30	I71	30
DOID:3627	I71.8	I71	8
DOID:3627	I71.50	I71	50
DOID:3627	I71.5	I71	5
DOID:363	C55	C55	
DOID:3649	E74.4	E74	4
DOID:365	N32.9	N32	9
DOID:3650	E87.20	E87	20
DOID:3651	E74.4	E74	4
DOID:3652	G31.82	G31	82
DOID:3663	D47.01	D47	01
DOID:3664	D47.09	D47	09
DOID:3665	D47.01	D47	01
DOID:3666	D47.01	D47	01
DOID:3669	I73.9	I73	9
DOID:367	G52.0	G52	0
DOID:3687	E88.41	E88	41
DOID:3689	G54.5	G54	5
DOID:3690	G54.0	G54	0
DOID:370	C72.2	C72	2
DOID:3720	C90.20	C90	20
DOID:3720	C90.2	C90	2
DOID:3721	C90.30	C90	30
DOID:3721	C90.3	C90	3
DOID:3753	E70.331	E70	331
DOID:3755	D68.59	D68	59
DOID:3756	D68.59	D68	59
DOID:3765	Q56	Q56	
DOID:3765	Q56.3	Q56	3
DOID:3766	N89.8	N89	8
DOID:3777	L92.0	L92	0
DOID:379	H61.9	H61	9
DOID:379	H60-H62	H60-H62	
DOID:3798	J86.9	J86	9
DOID:3798	J86	J86	
DOID:3805	L56.5	L56	5
DOID:381	M12.9	M12	9
DOID:381	M25.9	M25	9
DOID:381	M19.90	M19	90
DOID:381	M00-M02	M00-M02	
DOID:3827	K44.9	K44	9
DOID:3827	K44	K44	
DOID:384	I45.6	I45	6
DOID:3852	Q85.89	Q85	89
DOID:3856	C63.9	C63	9
DOID:3856	C60-C63	C60-C63	
DOID:3875	I80.0	I80	0
DOID:3901	N76.2	N76	2
DOID:3911	E34.8	E34	8
DOID:3924	C34.0	C34	0
DOID:3928	E88.2	E88	2
DOID:3933	M76.81	M76	81
DOID:3946	E24.0	E24	0
DOID:3951	I40.9	I40	9
DOID:3951	I40	I40	
DOID:3953	C74.9	C74	9
DOID:3953	C74	C74	
DOID:396	I42.3	I42	3
DOID:397	I42.5	I42	5
DOID:3981	G23.0	G23	0
DOID:3996	C68.9	C68	9
DOID:4028	L81.7	L81	7
DOID:4029	K29.7	K29	7
DOID:4038	K29.6	K29	6
DOID:4045	C49	C49	
DOID:409	K70-K77	K70-K77	
DOID:409	K76.9	K76	9
DOID:4090	R48.1	R48	1
DOID:4123	L60.9	L60	9
DOID:4123	L60	L60	
DOID:4131	L08.1	L08	1
DOID:4143	C69.6	C69	6
DOID:4154	K00.5	K00	5
DOID:4166	A51.0	A51	0
DOID:418	M34.0	M34	0
DOID:418	M34.9	M34	9
DOID:4184	E20.1	E20	1
DOID:4195	R73.9	R73	9
DOID:4196	G57.2	G57	2
DOID:4196	G57.20	G57	20
DOID:420	L68.9	L68	9
DOID:420	L68.3	L68	3
DOID:420	L68	L68	
DOID:4203	C71.7	C71	7
DOID:4205	C71.6	C71	6
DOID:4223	L08.0	L08	0
DOID:423	M62.9	M62	9
DOID:423	M60-M63	M60-M63	
DOID:423	G72.9	G72	9
DOID:424	P28.0	P28	0
DOID:4249	A81.82	A81	82
DOID:4250	H11.82	H11	82
DOID:4251	H10-H11	H10-H11	
DOID:4251	H11.9	H11	9
DOID:4254	Q78.2	Q78	2
DOID:4257	M89.8	M89	8
DOID:4258	Q87.0	Q87	0
DOID:4271	B60.8	B60	8
DOID:4283	C44.510	C44	510
DOID:4297	Q26.8	Q26	8
DOID:4306	M54.1	M54	1
DOID:4306	M54.10	M54	10
DOID:4313	L12.30	L12	30
DOID:4313	L12.3	L12	3
DOID:4325	A98.4	A98	4
DOID:4327	A98.3	A98	3
DOID:4333	Q50.4	Q50	4
DOID:4333	Q50.5	Q50	5
DOID:4336	B35	B35	
DOID:4352	C69.4	C69	4
DOID:436	C38.2	C38	2
DOID:4362	C53.9	C53	9
DOID:4362	C53	C53	
DOID:437	G70.0	G70	0
DOID:437	G70.00	G70	00
DOID:4372	I66	I66	
DOID:4398	L40.3	L40	3
DOID:440	G70.9	G70	9
DOID:4400	L82	L82	
DOID:4428	F81.0	F81	0
DOID:445	E26.81	E26	81
DOID:446	E24.9	E24	9
DOID:446	E24	E24	
DOID:446	E26	E26	
DOID:446	E26.9	E26	9
DOID:4480	Q77.4	Q77	4
DOID:4492	J09.X	J09	X
DOID:4540	R48.8	R48	8
DOID:4543	R41.2	R41	2
DOID:456	B77	B77	
DOID:456	B77.9	B77	9
DOID:4603	Q80.3	Q80	3
DOID:4606	C24.0	C24	0
DOID:4607	C24.9	C24	9
DOID:4621	Q04.2	Q04	2
DOID:4624	Q78.4	Q78	4
DOID:4626	Q04.3	Q04	3
DOID:4644	Q81.0	Q81	0
DOID:4645	C69.2	C69	2
DOID:4658	D47.09	D47	09
DOID:4659	D47.09	D47	09
DOID:4660	D47.02	D47	02
DOID:4664	H16.12	H16	12
DOID:4674	E34.5	E34	5
DOID:4674	E34.50	E34	50
DOID:4676	N19	N19	
DOID:4677	H16	H16	
DOID:4677	H16.9	H16	9
DOID:47	N42.9	N42	9
DOID:4706	C71.7	C71	7
DOID:4723	G96.81	G96	81
DOID:4723	G96.810	G96	810
DOID:4730	J30.0	J30	0
DOID:4737	F45.9	F45	9
DOID:4737	F45	F45	
DOID:4744	O43.21	O43	21
DOID:4751	G23.2	G23	2
DOID:4776	N01	N01	
DOID:4798	C96.21	C96	21
DOID:48	N50.9	N50	9
DOID:483	D18.0	D18	0
DOID:4840	C44	C44	
DOID:4885	A93.2	A93	2
DOID:4889	A18.2	A18	2
DOID:4919	C65	C65	
DOID:4928	C22.1	C22	1
DOID:4947	C22.1	C22	1
DOID:4952	G14	G14	
DOID:4953	A80	A80	
DOID:4953	A80.9	A80	9
DOID:4959	Q81.2	Q81	2
DOID:4960	D47.1	D47	1
DOID:4962	A18.84	A18	84
DOID:4964	F48.9	F48	9
DOID:4964	F34.1	F34	1
DOID:4968	E24.1	E24	1
DOID:4970	R48.3	R48	3
DOID:4971	D47.4	D47	4
DOID:4971	D75.81	D75	81
DOID:4986	A80.4	A80	4
DOID:4989	K85.9	K85	9
DOID:4990	G25.0	G25	0
DOID:4997	Q78.3	Q78	3
DOID:50	E07.9	E07	9
DOID:50	E00-E07	E00-E07	
DOID:5032	C75.3	C75	3
DOID:5041	C15.3	C15	3
DOID:5041	C15.4	C15	4
DOID:5041	C15.5	C15	5
DOID:5052	A24.9	A24	9
DOID:5082	K74.60	K74	60
DOID:5093	C76.1	C76	1
DOID:5119	N83.2	N83	2
DOID:5158	C38.4	C38	4
DOID:5162	I70	I70	
DOID:5172	D07.0	D07	0
DOID:518	C63.2	C63	2
DOID:519	I77.6	I77	6
DOID:5200	N13.9	N13	9
DOID:5204	E74.19	E74	19
DOID:5225	A85.8	A85	8
DOID:526	B20-B20	B20-B20	
DOID:526	B20	B20	
DOID:529	G24.5	G24	5
DOID:5295	K63.9	K63	9
DOID:530	H02.9	H02	9
DOID:5327	H33.2	H33	2
DOID:533	E32.9	E32	9
DOID:533	E32	E32	
DOID:5334	N47.2	N47	2
DOID:5339	D70.4	D70	4
DOID:5340	R41.1	R41	1
DOID:5364	R91.1	R91	1
DOID:5378	D58.2	D58	2
DOID:5379	D58.2	D58	2
DOID:538	H51.2	H51	2
DOID:540	H50.89	H50	89
DOID:540	H50.8	H50	8
DOID:5408	M88	M88	
DOID:5418	F25	F25	
DOID:5418	F25.9	F25	9
DOID:5419	F20.9	F20	9
DOID:5419	F20	F20	
DOID:5426	E28.3	E28	3
DOID:543	G24	G24	
DOID:543	G24.9	G24	9
DOID:5467	C69.0	C69	0
DOID:5501	B85.0	B85	0
DOID:5502	B85.2	B85	2
DOID:5513	B85.1	B85	1
DOID:5559	C38.3	C38	3
DOID:557	N08	N08	
DOID:557	N28.9	N28	9
DOID:5572	Q87.3	Q87	3
DOID:5576	F52.32	F52	32
DOID:5587	T79.6	T79	6
DOID:559	N10	N10	
DOID:560	Q07.8	Q07	8
DOID:5608	K04.2	K04	2
DOID:5612	C72.0	C72	0
DOID:5614	H44	H44	
DOID:5614	H44.9	H44	9
DOID:5655	H47.4	H47	4
DOID:5656	G52.9	G52	9
DOID:566	H83.2X9	H83	2X9
DOID:566	H83.2X	H83	2X
DOID:566	H83.2	H83	2
DOID:5672	C18.9	C18	9
DOID:9256	C18.9	C18	9
DOID:5679	H35.9	H35	9
DOID:5691	H47.6	H47	6
DOID:57	I06.1	I06	1
DOID:571	G56.10	G56	10
DOID:571	G56.1	G56	1
DOID:5719	C74.1	C74	1
DOID:5723	H47.2	H47	2
DOID:5723	H47.20	H47	20
DOID:5731	N70.11	N70	11
DOID:5732	N70	N70	
DOID:5733	N70.91	N70	91
DOID:5748	I09.89	I09	89
DOID:576	R80	R80	
DOID:576	R80.9	R80	9
DOID:5773	K13.5	K13	5
DOID:5781	H73.81	H73	81
DOID:5782	H73.9	H73	9
DOID:5782	H73.90	H73	90
DOID:5810	D81.30	D81	30
DOID:5810	D81.3	D81	3
DOID:5812	D81.6	D81	6
DOID:5813	D81.5	D81	5
DOID:582	R82.3	R82	3
DOID:583	D55-D59	D55-D59	
DOID:5844	I22	I22	
DOID:5844	I21	I21	
DOID:585	N20.2	N20	2
DOID:585	N20	N20	
DOID:5870	J82.81	J82	81
DOID:5875	C48	C48	
DOID:5875	C48.0	C48	0
DOID:589	D58.9	D58	9
DOID:591	F40.9	F40	9
DOID:591	F40	F40	
DOID:593	F40.0	F40	0
DOID:593	F40.00	F40	00
DOID:594	F41.0	F41	0
DOID:5976	I65.9	I65	9
DOID:599	F40.2	F40	2
DOID:6000	I50	I50	
DOID:6000	I50.9	I50	9
DOID:605	F40.243	F40	243
DOID:6050	K22.9	K22	9
DOID:606	G83.81	G83	81
DOID:607	G82.20	G82	20
DOID:607	G82.2	G82	2
DOID:61	I05.1	I05	1
DOID:61	I05	I05	
DOID:61	I05.9	I05	9
DOID:612	D84.9	D84	9
DOID:6132	J40	J40	
DOID:6132	J42	J42	
DOID:6132	J20.9	J20	9
DOID:6132	J20	J20	
DOID:614	D72.810	D72	810
DOID:6148	D02.3	D02	3
DOID:615	D72.819	D72	819
DOID:6195	H10.9	H10	9
DOID:6195	H10	H10	
DOID:6196	M02.3	M02	3
DOID:6196	M02.30	M02	30
DOID:6196	M02.10	M02	10
DOID:6196	M02.1	M02	1
DOID:6199	C69.1	C69	1
DOID:6201	C45.2	C45	2
DOID:624	D80.7	D80	7
DOID:626	D80-D89	D80-D89	
DOID:626	D84.1	D84	1
DOID:6262	C96.4	C96	4
DOID:628	D81	D81	
DOID:628	D81.9	D81	9
DOID:631	M79.7	M79	7
DOID:631	M79.1	M79	1
DOID:633	G72.49	G72	49
DOID:633	M60	M60	
DOID:633	M60.9	M60	9
DOID:635	B20	B20	
DOID:636	G37.2	G37	2
DOID:6364	G43.9	G43	9
DOID:6364	G43.909	G43	909
DOID:6364	G43	G43	
DOID:6376	D73.1	D73	1
DOID:6406	Q20.1	Q20	1
DOID:6419	Q21.3	Q21	3
DOID:643	A81.2	A81	2
DOID:6432	I27.20	I27	20
DOID:648	A81.81	A81	81
DOID:649	A81.9	A81	9
DOID:6498	L82.1	L82	1
DOID:6498	L82	L82	
DOID:653	E79.8	E79	8
DOID:6543	L70.2	L70	2
DOID:6543	L70.9	L70	9
DOID:6543	L70	L70	
DOID:6590	M46	M46	
DOID:660	C74.0	C74	0
DOID:6603	M48.3	M48	3
DOID:6643	M48.2	M48	2
DOID:6643	M48.20	M48	20
DOID:6652	M48.1	M48	1
DOID:6676	E23.6	E23	6
DOID:6682	M43.1	M43	1
DOID:6682	M43.10	M43	10
DOID:6683	Q87.19	Q87	19
DOID:6688	D89.82	D89	82
DOID:6692	M53.0	M53	0
DOID:6712	G83.82	G83	82
DOID:6713	I67.9	I67	9
DOID:6713	I60-I69	I60-I69	
DOID:672	C26.1	C26	1
DOID:6725	M48.00	M48	00
DOID:6725	M48.0	M48	0
DOID:6725	M48.02	M48	02
DOID:6725	M48.061	M48	061
DOID:6725	M48.06	M48	06
DOID:674	Q35.9	Q35	9
DOID:674	Q35	Q35	
DOID:676	M08.4	M08	4
DOID:676	M08.40	M08	40
DOID:678	G23.1	G23	1
DOID:681	G12.22	G12	22
DOID:682	T79.A0	T79	A0
DOID:684	C22.0	C22	0
DOID:687	C22.2	C22	2
DOID:6925	G57.3	G57	3
DOID:6969	H04.33	H04	33
DOID:6970	H04.3	H04	3
DOID:701	K00.5	K00	5
DOID:7033	B81.0	B81	0
DOID:705	H47.22	H47	22
DOID:711	C91.42	C91	42
DOID:7127	N30.4	N30	4
DOID:7146	C96.4	C96	4
DOID:7147	M45	M45	
DOID:7148	M06.9	M06	9
DOID:7165	E06.1	E06	1
DOID:7166	E06.9	E06	9
DOID:7166	E06	E06	
DOID:7188	E06.3	E06	3
DOID:7224	C70.1	C70	1
DOID:727	N94.3	N94	3
DOID:728	H15.12	H15	12
DOID:732	N36.9	N36	9
DOID:7327	M72.4	M72	4
DOID:734	C68.0	C68	0
DOID:74	D75.9	D75	9
DOID:7426	A22.0	A22	0
DOID:7427	A22.9	A22	9
DOID:7427	A22	A22	
DOID:743	L50.3	L50	3
DOID:7439	H74.4	H74	4
DOID:7457	B80	B80	
DOID:746	D19.9	D19	9
DOID:7474	C45.0	C45	0
DOID:7489	M92.52	M92	52
DOID:750	K27	K27	
DOID:7518	F52.31	F52	31
DOID:754	A18.12	A18	12
DOID:7551	A54.9	A54	9
DOID:7551	A54	A54	
DOID:758	Q89.3	Q89	3
DOID:77	K92.9	K92	9
DOID:7765	H35.07	H35	07
DOID:7765	H35.02	H35	02
DOID:778	F22	F22	
DOID:780	O43	O43	
DOID:780	O43.90	O43	90
DOID:780	O43.9	O43	9
DOID:782	N15.9	N15	9
DOID:784	N18.9	N18	9
DOID:7848	C96.4	C96	4
DOID:7849	C96.4	C96	4
DOID:786	S12.8	S12	8
DOID:786	J38.7	J38	7
DOID:7894	B88.0	B88	0
DOID:7894	B88.9	B88	9
DOID:790	H44.40	H44	40
DOID:790	H44.4	H44	4
DOID:799	I83.90	I83	90
DOID:7997	E05.9	E05	9
DOID:7998	E05.9	E05	9
DOID:801	M25.0	M25	0
DOID:809	F14.1	F14	1
DOID:811	E88.1	E88	1
DOID:8125	M93.9	M93	9
DOID:8125	M92	M92	
DOID:813	M00.9	M00	9
DOID:813	M00	M00	
DOID:8133	C10.1	C10	1
DOID:819	J98.51	J98	51
DOID:820	I51.4	I51	4
DOID:8200	A52.3	A52	3
DOID:8200	A52	A52	
DOID:8200	A52.9	A52	9
DOID:823	K04.5	K04	5
DOID:824	K05.3	K05	3
DOID:8252	J31.0	J31	0
DOID:8295	B86	B86	
DOID:83	H26	H26	
DOID:8337	K37	K37	
DOID:84	M93.9	M93	9
DOID:84	M93.2	M93	2
DOID:840	J67.3	J67	3
DOID:841	J67.9	J67	9
DOID:8432	D75.1	D75	1
DOID:8437	K56.60	K56	60
DOID:8437	K56.609	K56	609
DOID:8437	K56.69	K56	69
DOID:8439	K91.1	K91	1
DOID:8442	K56.0	K56	0
DOID:8445	K56.2	K56	2
DOID:8446	K56.1	K56	1
DOID:8448	K56.49	K56	49
DOID:8448	K56.4	K56	4
DOID:845	F34.0	F34	0
DOID:8454	E53.0	E53	0
DOID:8455	E53.1	E53	1
DOID:8463	H16.00	H16	00
DOID:8463	H16.0	H16	0
DOID:8465	H33.10	H33	10
DOID:8469	J11.1	J11	1
DOID:8472	L94.0	L94	0
DOID:8476	K90.81	K90	81
DOID:8478	A42	A42	
DOID:8478	A42.9	A42	9
DOID:848	M19.90	M19	90
DOID:8481	I01.9	I01	9
DOID:8481	I09.0	I09	0
DOID:8481	M05.3	M05	3
DOID:8482	H34.0	H34	0
DOID:8484	J67.6	J67	6
DOID:8488	O40	O40	
DOID:8499	H53.6	H53	6
DOID:8499	H53.60	H53	60
DOID:850	J98.4	J98	4
DOID:8500	H35.5	H35	5
DOID:8500	H35.50	H35	50
DOID:8503	L40.1	L40	1
DOID:8504	L01.0	L01	0
DOID:8504	L01.00	L01	00
DOID:8504	L01	L01	
DOID:8505	L13.0	L13	0
DOID:8506	L12.0	L12	0
DOID:8506	L12.9	L12	9
DOID:8506	L12	L12	
DOID:8507	L12.2	L12	2
DOID:8508	L13.1	L13	1
DOID:851	N75.0	N75	0
DOID:8512	O88.23	O88	23
DOID:8512	O88.21	O88	21
DOID:8515	I27.81	I27	81
DOID:8515	I27.9	I27	9
DOID:8519	F13.11	F13	11
DOID:8527	C93.Z	C93	Z
DOID:8527	C93.Z0	C93	Z0
DOID:853	M35.3	M35	3
DOID:8533	C13	C13	
DOID:8533	C13.9	C13	9
DOID:8533	C13.2	C13	2
DOID:8534	K21	K21	
DOID:8534	K21.9	K21	9
DOID:8536	B02	B02	
DOID:8536	B02.9	B02	9
DOID:8541	C84.1	C84	1
DOID:8541	C84.10	C84	10
DOID:8543	C81.4	C81	4
DOID:8544	G93.31	G93	31
DOID:8544	R53.82	R53	82
DOID:8544	G93.32	G93	32
DOID:8545	T88.3	T88	3
DOID:8549	L98.4	L98	4
DOID:8553	L88	L88	
DOID:8556	C10.0	C10	0
DOID:8557	C10.9	C10	9
DOID:8557	C10	C10	
DOID:8557	C10.8	C10	8
DOID:8557	C10.2	C10	2
DOID:8557	C10.3	C10	3
DOID:856	D81.810	D81	810
DOID:8564	C00.9	C00	9
DOID:8564	C00	C00	
DOID:8566	B00	B00	
DOID:8566	B00.9	B00	9
DOID:8567	C81.9	C81	9
DOID:8567	C81	C81	
DOID:8568	B27.0	B27	0
DOID:8568	B27.9	B27	9
DOID:8568	B27	B27	
DOID:857	D81.819	D81	819
DOID:857	D81.81	D81	81
DOID:8573	L44.1	L44	1
DOID:8574	L28.0	L28	0
DOID:8577	K51	K51	
DOID:8577	K51.9	K51	9
DOID:8578	C05.1	C05	1
DOID:8584	C83.7	C83	7
DOID:8584	C83.70	C83	70
DOID:859	D81.818	D81	818
DOID:8593	C93.1	C93	1
DOID:8596	A38.9	A38	9
DOID:8596	A38	A38	
DOID:8601	C03.0	C03	0
DOID:8602	C03	C03	
DOID:8602	C03.9	C03	9
DOID:8616	N48.6	N48	6
DOID:8618	C04.9	C04	9
DOID:8618	C04	C04	
DOID:8618	C04.0	C04	0
DOID:8618	C04.1	C04	1
DOID:8619	G47.13	G47	13
DOID:862	G83.0	G83	0
DOID:8622	B05.9	B05	9
DOID:8622	B05	B05	
DOID:8628	C81.3	C81	3
DOID:863	G98	G98	
DOID:863	G00-G99	G00-G99	
DOID:863	G98.8	G98	8
DOID:8630	C00.3	C00	3
DOID:8630	C00.0	C00	0
DOID:8632	C46.9	C46	9
DOID:8632	C46	C46	
DOID:8632	C46.0	C46	0
DOID:8632	C46.1	C46	1
DOID:8632	C46.2	C46	2
DOID:8632	C46.4	C46	4
DOID:8632	C46.5	C46	5
DOID:8632	C46.3	C46	3
DOID:8634	D07.5	D07	5
DOID:8635	C05.2	C05	2
DOID:864	I80	I80	
DOID:8643	K29.8	K29	8
DOID:8649	C02.9	C02	9
DOID:8649	C01	C01	
DOID:8649	C02.0	C02	0
DOID:8649	C02.4	C02	4
DOID:8649	C02.1	C02	1
DOID:8649	C02.2	C02	2
DOID:8654	C81.2	C81	2
DOID:8659	B01.9	B01	9
DOID:8659	B01	B01	
DOID:866	I82	I82	
DOID:8660	C13.0	C13	0
DOID:8661	D00.0	D00	0
DOID:8663	C13.1	C13	1
DOID:8670	F50.9	F50	9
DOID:8670	F50	F50	
DOID:8677	K55.3	K55	3
DOID:8677	K55.30	K55	30
DOID:8680	K29.2	K29	2
DOID:8683	C92.3	C92	3
DOID:8687	D04.9	D04	9
DOID:8687	D04	D04	
DOID:8687	D04.0	D04	0
DOID:8687	D04.3	D04	3
DOID:8687	D04.4	D04	4
DOID:8687	D04.6	D04	6
DOID:8687	D04.7	D04	7
DOID:8687	D04.2	D04	2
DOID:8688	C09.1	C09	1
DOID:8689	F50.0	F50	0
DOID:8689	F50.00	F50	00
DOID:869	H71.90	H71	90
DOID:869	H71.9	H71	9
DOID:8691	C84.0	C84	0
DOID:8691	C84.00	C84	00
DOID:8692	C92.90	C92	90
DOID:8692	C92.9	C92	9
DOID:8692	C92	C92	
DOID:870	G62.9	G62	9
DOID:8702	C06.0	C06	0
DOID:8712	Q85.00	Q85	00
DOID:8712	Q85.0	Q85	0
DOID:8719	D09.9	D09	9
DOID:8725	F01	F01	
DOID:8725	F01.50	F01	50
DOID:8729	B08.04	B08	04
DOID:8731	C75.4	C75	4
DOID:8736	B03	B03	
DOID:8738	N48.0	N48	0
DOID:874	J15.9	J15	9
DOID:8741	L21.9	L21	9
DOID:8741	L21	L21	
DOID:8743	B08.3	B08	3
DOID:8757	K29.6	K29	6
DOID:876	M60.0	M60	0
DOID:8761	C94.2	C94	2
DOID:8761	C94.20	C94	20
DOID:8771	B08.02	B08	02
DOID:8781	B06	B06	
DOID:8781	B06.9	B06	9
DOID:8787	H30.10	H30	10
DOID:8787	H30.1	H30	1
DOID:8791	D05	D05	
DOID:8791	D05.9	D05	9
DOID:8792	D09.2	D09	2
DOID:8800	D02.2	D02	2
DOID:8802	D02.1	D02	1
DOID:8805	I20.0	I20	0
DOID:882	B66.8	B66	8
DOID:8826	D01.0	D01	0
DOID:883	B83.9	B83	9
DOID:883	B65-B83	B65-B83	
DOID:8838	C81.1	C81	1
DOID:884	B66.8	B66	8
DOID:8849	C08.1	C08	1
DOID:885	B66.3	B66	3
DOID:8850	C08	C08	
DOID:8857	L93.0	L93	0
DOID:8857	L93	L93	
DOID:8858	C09	C09	
DOID:8858	C09.9	C09	9
DOID:8861	Q24.3	Q24	3
DOID:8866	L57.0	L57	0
DOID:8867	B08.1	B08	1
DOID:8869	G36.0	G36	0
DOID:8872	D07.4	D07	4
DOID:8872	D00-D09	D00-D09	
DOID:888	B66.5	B66	5
DOID:8881	L71.9	L71	9
DOID:8881	L71	L71	
DOID:8883	C00.1	C00	1
DOID:8886	H30.9	H30	9
DOID:8886	H30	H30	
DOID:8892	L42	L42	
DOID:8893	L40	L40	
DOID:8893	L40.9	L40	9
DOID:8912	B36.1	B36	1
DOID:8913	B35	B35	
DOID:8913	B35.9	B35	9
DOID:8920	N89.4	N89	4
DOID:8923	C43.9	C43	9
DOID:8923	C43	C43	
DOID:8924	D69.3	D69	3
DOID:8925	D69.49	D69	49
DOID:8925	D69.4	D69	4
DOID:8927	F81.9	F81	9
DOID:8929	K29.4	K29	4
DOID:893	E83.01	E83	01
DOID:8930	C06.2	C06	2
DOID:8931	D69.41	D69	41
DOID:8936	M72.2	M72	2
DOID:8937	C14.2	C14	2
DOID:8941	L21.0	L21	0
DOID:8955	D64.3	D64	3
DOID:8956	B08.010	B08	010
DOID:8969	C09.0	C09	0
DOID:8970	A81.1	A81	1
DOID:898	Q61.3	Q61	3
DOID:8986	G47.41	G47	41
DOID:8986	G47.419	G47	419
DOID:899	Q44.4	Q44	4
DOID:8991	D06	D06	
DOID:8991	D06.9	D06	9
DOID:8997	D45	D45	
DOID:900	K76.81	K76	81
DOID:9008	L40.50	L40	50
DOID:9008	L40.5	L40	5
DOID:9011	D02.0	D02	0
DOID:9024	D01.4	D01	4
DOID:9036	C07	C07	
DOID:9042	N84.0	N84	0
DOID:9043	N88.0	N88	0
DOID:905	E71.510	E71	510
DOID:9053	D09.0	D09	0
DOID:906	E71.50	E71	50
DOID:906	E71.5	E71	5
DOID:9060	B36.0	B36	0
DOID:9063	L00	L00	
DOID:9065	B55.9	B55	9
DOID:9065	B55	B55	
DOID:9072	M31.2	M31	2
DOID:9074	M32.9	M32	9
DOID:9074	M32	M32	
DOID:9076	H01.12	H01	12
DOID:9088	L41	L41	
DOID:9088	L41.9	L41	9
DOID:9091	G47.52	G47	52
DOID:9095	D00.1	D00	1
DOID:9098	L70.8	L70	8
DOID:910	C71.4	C71	4
DOID:9111	B55.1	B55	1
DOID:9113	A58	A58	
DOID:9119	C92.00	C92	00
DOID:9119	C92.0	C92	0
DOID:9120	E85	E85	
DOID:9120	E85.9	E85	9
DOID:9123	B00.0	B00	0
DOID:9125	C03.1	C03	1
DOID:9132	D01.5	D01	5
DOID:9138	D00.2	D00	2
DOID:914	K76.4	K76	4
DOID:9140	H01.14	H01	14
DOID:9146	B55.0	B55	0
DOID:9149	C05.0	C05	0
DOID:9155	B55.2	B55	2
DOID:9159	A48.0	A48	0
DOID:9164	K22.0	K22	0
DOID:9165	L98.1	L98	1
DOID:9169	D82.0	D82	0
DOID:9173	C08.0	C08	0
DOID:9174	D01.2	D01	2
DOID:9181	A06.9	A06	9
DOID:9181	A06	A06	
DOID:9182	L10.9	L10	9
DOID:9182	L10	L10	
DOID:9188	C06.1	C06	1
DOID:9192	K22.4	K22	4
DOID:9201	L43.9	L43	9
DOID:9201	L43	L43	
DOID:9206	K22.70	K22	70
DOID:9206	K22.7	K22	7
DOID:9207	G47.61	G47	61
DOID:9210	B02.21	B02	21
DOID:9212	L44.0	L44	0
DOID:9234	D09.1	D09	1
DOID:9235	C12	C12	
DOID:9240	I73.81	I73	81
DOID:9245	Q44.7	Q44	7
DOID:9252	E72.9	E72	9
DOID:9253	C49.A	C49	A
DOID:9254	C94.3	C94	3
DOID:9254	C94.30	C94	30
DOID:9261	C11.9	C11	9
DOID:9261	C11	C11	
DOID:9261	C11.0	C11	0
DOID:9261	C11.1	C11	1
DOID:9261	C11.2	C11	2
DOID:9261	C11.3	C11	3
DOID:9263	E72.11	E72	11
DOID:9265	E70.4	E70	4
DOID:9265	E70.40	E70	40
DOID:9266	E72.01	E72	01
DOID:9267	E72.20	E72	20
DOID:9267	E72.2	E72	2
DOID:9268	E72.51	E72	51
DOID:9269	E71.0	E71	0
DOID:9270	E70.29	E70	29
DOID:9271	E72.4	E72	4
DOID:9273	E72.23	E72	23
DOID:9274	E72.3	E72	3
DOID:9275	E70.21	E70	21
DOID:9278	E72.21	E72	21
DOID:9282	H40.05	H40	05
DOID:9283	H40.00	H40	00
DOID:9286	N48.30	N48	30
DOID:9286	N48.3	N48	3
DOID:929	H05.82	H05	82
DOID:9296	Q36	Q36	
DOID:9296	Q36.9	Q36	9
DOID:9297	K13.0	K13	0
DOID:93	F80.9	F80	9
DOID:930	H05.9	H05	9
DOID:930	H05	H05	
DOID:9305	A18.85	A18	85
DOID:9306	H50.6	H50	6
DOID:9306	H50.60	H50	60
DOID:9307	K62.3	K62	3
DOID:9312	J32.2	J32	2
DOID:9317	I89.1	I89	1
DOID:9335	H53.45	H53	45
DOID:9335	H53.42	H53	42
DOID:9339	N36.5	N36	5
DOID:934	A94	A94	
DOID:934	B34.9	B34	9
DOID:934	B34	B34	
DOID:9341	N36.1	N36	1
DOID:9348	I77.71	I77	71
DOID:9351	E08-E13	E08-E13	
DOID:9352	E11	E11	
DOID:936	G93.9	G93	9
DOID:936	G93.40	G93	40
DOID:9360	J45	J45	
DOID:9365	N49.0	N49	0
DOID:9368	H16.2	H16	2
DOID:9368	H16.20	H16	20
DOID:9369	H05.11	H05	11
DOID:9370	H05.20	H05	20
DOID:9375	H20.81	H20	81
DOID:9383	H20.01	H20	01
DOID:9384	A54.32	A54	32
DOID:9388	H20.2	H20	2
DOID:9389	H20.03	H20	03
DOID:9392	J04.1	J04	1
DOID:9395	J05.0	J05	0
DOID:9396	J04.0	J04	0
DOID:9398	J05.10	J05	10
DOID:9398	J05.1	J05	1
DOID:9401	N45.3	N45	3
DOID:9401	N45	N45	
DOID:9402	N45.1	N45	1
DOID:9406	E23.0	E23	0
DOID:9408	I21.9	I21	9
DOID:9408	I21	I21	
DOID:9409	E23.2	E23	2
DOID:9410	E23.0	E23	0
DOID:9415	J45	J45	
DOID:9423	H01.0	H01	0
DOID:9423	H01.00	H01	00
DOID:9423	H01.9	H01	9
DOID:9427	I67.4	I67	4
DOID:9446	K83.0	K83	0
DOID:9446	K83.09	K83	09
DOID:9452	K70.0	K70	0
DOID:9455	E75.6	E75	6
DOID:9460	C54.9	C54	9
DOID:9460	C54	C54	
DOID:9461	H16.21	H16	21
DOID:9462	H60.4	H60	4
DOID:9462	H60.40	H60	40
DOID:9467	Q87.2	Q87	2
DOID:9470	G00.9	G00	9
DOID:9470	G00	G00	
DOID:9471	G03	G03	
DOID:9471	G03.9	G03	9
DOID:9476	E23.0	E23	0
DOID:9477	I26.99	I26	99
DOID:9477	I26	I26	
DOID:9478	F53.0	F53	0
DOID:9483	H01.01	H01	01
DOID:9487	Q43.0	Q43	0
DOID:949	H04.02	H04	02
DOID:950	H04.0	H04	0
DOID:950	H04.00	H04	00
DOID:9500	D72.9	D72	9
DOID:9502	J82.81	J82	81
DOID:9503	J82.89	J82	89
DOID:9505	F12.1	F12	1
DOID:9505	F12	F12	
DOID:9506	J01.20	J01	20
DOID:9506	J01.2	J01	2
DOID:9507	J32.2	J32	2
DOID:9512	H10.42	H10	42
DOID:9513	C90.1	C90	1
DOID:9513	C90.10	C90	10
DOID:952	H04.01	H04	01
DOID:9521	E34.321	E34	321
DOID:9531	A53.0	A53	0
DOID:9534	A15.0	A15	0
DOID:9537	A96.2	A96	2
DOID:9538	C90.00	C90	00
DOID:9538	C90.0	C90	0
DOID:9553	E27.9	E27	9
DOID:9563	J47	J47	
DOID:9563	J47.9	J47	9
DOID:9565	Q24.0	Q24	0
DOID:9574	Q30.0	Q30	0
DOID:9577	P37.5	P37	5
DOID:9584	A92.2	A92	2
DOID:9589	N21.1	N21	1
DOID:9590	N21.9	N21	9
DOID:9590	N21	N21	
DOID:9598	M72.9	M72	9
DOID:96	A05.0	A05	0
DOID:9600	M72.2	M72	2
DOID:9602	M72.6	M72	6
DOID:9617	R80.2	R80	2
DOID:9620	N13.70	N13	70
DOID:9620	N13.7	N13	7
DOID:9621	N28.1	N28	1
DOID:9622	N28.81	N28	81
DOID:9637	K12.1	K12	1
DOID:9640	A07.8	A07	8
DOID:9643	B60.0	B60	0
DOID:9643	B60.00	B60	00
DOID:9649	H55.01	H55	01
DOID:9650	H55.0	H55	0
DOID:9650	H55.00	H55	00
DOID:9651	I50.20	I50	20
DOID:9655	K13.2	K13	2
DOID:9655	K13.21	K13	21
DOID:9667	O20.0	O20	0
DOID:9669	H25	H25	
DOID:9672	A69.0	A69	0
DOID:9673	K12.1	K12	1
DOID:9675	J43.8	J43	8
DOID:9681	N88.3	N88	3
DOID:9682	A95	A95	
DOID:9682	A95.9	A95	9
DOID:9697	A54.33	A54	33
DOID:9698	A54.39	A54	39
DOID:9699	P39.1	P39	1
DOID:9700	H10.0	H10	0
DOID:9709	H10.82	H10	82
DOID:971	M77.9	M77	9
DOID:9714	K82.0	K82	0
DOID:9717	K82.1	K82	1
DOID:9720	H43.39	H43	39
DOID:9720	H43.3	H43	3
DOID:9722	H16.24	H16	24
DOID:9724	H44.0	H44	0
DOID:9724	H44.00	H44	00
DOID:9726	H43.81	H43	81
DOID:9740	K91.5	K91	5
DOID:9741	K83.9	K83	9
DOID:9742	I86.2	I86	2
DOID:9744	E10	E10	
DOID:9745	K64.5	K64	5
DOID:9746	K64	K64	
DOID:9768	I25.3	I25	3
DOID:9771	P61.0	P61	0
DOID:9773	C50.41	C50	41
DOID:9775	I50.30	I50	30
DOID:9778	K58	K58	
DOID:9778	K58.9	K58	9
DOID:9779	K59.9	K59	9
DOID:9784	B75	B75	
DOID:9788	M60.1	M60	1
DOID:9790	B83.0	B83	0
DOID:9794	H31.20	H31	20
DOID:9794	H31.2	H31	2
DOID:9799	H44.5	H44	5
DOID:9799	H44.30	H44	30
DOID:980	H31.10	H31	10
DOID:980	H31.1	H31	1
DOID:9801	A18.31	A18	31
DOID:9808	M31.0	M31	0
DOID:9809	M31.0	M31	0
DOID:9809	D69.0	D69	0
DOID:981	H31.12	H31	12
DOID:9810	M30.0	M30	0
DOID:9821	H31.21	H31	21
DOID:9827	Q74.0	Q74	0
DOID:9828	P96.1	P96	1
DOID:9834	H52.0	H52	0
DOID:9835	H52.7	H52	7
DOID:9837	H50.2	H50	2
DOID:9838	H50.41	H50	41
DOID:9839	H50.43	H50	43
DOID:9840	H50.00	H50	00
DOID:9840	H50.0	H50	0
DOID:9843	H50.42	H50	42
DOID:9847	H81.39	H81	39
DOID:9847	H81.399	H81	399
DOID:9847	H81.3	H81	3
DOID:9848	H81.0	H81	0
DOID:9849	H81.0	H81	0
DOID:9849	H81.09	H81	09
DOID:9854	G24.4	G24	4
DOID:9856	A50.9	A50	9
DOID:9856	A50	A50	
DOID:9857	H16.30	H16	30
DOID:9858	H16.3	H16	3
DOID:986	L63.9	L63	9
DOID:986	L63	L63	
DOID:9861	A19	A19	
DOID:9861	A19.9	A19	9
DOID:9867	H35.38	H35	38
DOID:9869	E74.12	E74	12
DOID:987	L65.9	L65	9
DOID:9870	E74.21	E74	21
DOID:9877	N34.0	N34	0
DOID:9884	G71.0	G71	0
DOID:9888	H50.05	H50	05
DOID:9892	I77.4	I77	4
DOID:9893	K05.4	K05	4
DOID:9898	M12.20	M12	20
DOID:990	Q24.6	Q24	6
DOID:9903	H00.1	H00	1
DOID:9905	L65.2	L65	2
DOID:9908	H00.02	H00	02
DOID:9909	H00.01	H00	01
DOID:9910	H16.01	H16	01
DOID:9911	N43.1	N43	1
DOID:992	A98.1	A98	1
DOID:9923	F82	F82	
DOID:9935	H04.4	H04	4
DOID:9936	H04.42	H04	42
DOID:9937	H04.41	H04	41
DOID:9938	H04.30	H04	30
DOID:9945	H05.24	H05	24
DOID:9952	C91.0	C91	0
DOID:9952	C91.00	C91	00
DOID:9953	C95.0	C95	0
DOID:9955	Q23.4	Q23	4
DOID:9958	N85.7	N85	7
DOID:9965	B58	B58	
DOID:9965	B58.9	B58	9
DOID:9969	E67.1	E67	1
DOID:997	N85.5	N85	5
DOID:9970	E66.9	E66	9
DOID:9971	E67.3	E67	3
DOID:9972	E67.0	E67	0
DOID:9975	F14.2	F14	2
DOID:9977	F16.2	F16	2
DOID:9978	N73.3	N73	3
DOID:9988	A52.3	A52	3
DOID:999	D72.1	D72	1
DOID:999	D72.10	D72	10
DOID:9993	E16.2	E16	2
DOID:9997	O90.3	O90	3
DOID:0040008	Z88.1	Z88	1
DOID:0040010	Z88.4	Z88	4
DOID:0040046	L23.0	L23	0
DOID:0040056	L23.0	L23	0
DOID:0040083	J16.0	J16	0
DOID:0040084	J13	J13	
DOID:0040098	O26.4	O26	4
DOID:0040099	L95.0	L95	0
DOID:0050269	A59.00	A59	00
DOID:0050524	E11.8	E11	8
DOID:0050564	H90.3	H90	3
DOID:0050565	H90.3	H90	3
DOID:0050566	H90.3	H90	3
DOID:0050569	Q87.1	Q87	1
DOID:0050572	H35.5	H35	5
DOID:0050576	Q61.5	Q61	5
DOID:0050590	D70	D70	
DOID:0050592	Q77.2	Q77	2
DOID:0050629	G31.8	G31	8
DOID:0050632	E70.3	E70	3
DOID:0050635	G98	G98	
DOID:0050638	E85.82	E85	82
DOID:0050657	Q87.89	Q87	89
DOID:0050661	H35.5	H35	5
DOID:0050665	Q86.0	Q86	0
DOID:0050674	K76.8	K76	8
DOID:0050764	Q87.8	Q87	8
DOID:0050777	Q04.3	Q04	3
DOID:0050779	Q87.8	Q87	8
DOID:0050886	G11.4	G11	4
DOID:0060010	D81.8	D81	8
DOID:0060170	G40.3	G40	3
DOID:0060173	G72.3	G72	3
DOID:0060179	Q87.5	Q87	5
DOID:0060188	K50.0	K50	0
DOID:0060190	K52.9	K52	9
DOID:0060191	K50.0	K50	0
DOID:0060193	G12.2	G12	2
DOID:0060194	G12.2	G12	2
DOID:0060196	G12.2	G12	2
DOID:0060221	Q78.4	Q78	4
DOID:0060222	E76.0	E76	0
DOID:0060223	R48.8	R48	8
DOID:0060225	Q87.8	Q87	8
DOID:0060231	M21.8	M21	8
DOID:0060232	Q87.0	Q87	0
DOID:0060233	Q87.8	Q87	8
DOID:0060245	G11.4	G11	4
DOID:0060270	Q04.3	Q04	3
DOID:0060276	Q04.3	Q04	3
DOID:0060277	Q04.3	Q04	3
DOID:0060278	Q04.3	Q04	3
DOID:0060281	G40.8	G40	8
DOID:0060287	Q13.4	Q13	4
DOID:0060292	Q77.3	Q77	3
DOID:0060293	Q77.3	Q77	3
DOID:0060295	D84.1	D84	1
DOID:0060297	D84.1	D84	1
DOID:0060298	D84.1	D84	1
DOID:0060299	D84.1	D84	1
DOID:0060300	D84.1	D84	1
DOID:0060301	D84.1	D84	1
DOID:0060302	D84.1	D84	1
DOID:0060303	D84.1	D84	1
DOID:0060310	K12.2	K12	2
DOID:0060324	K04.6	K04	6
DOID:0060328	K60.3	K60	3
DOID:0060334	P70.2	P70	2
DOID:0060336	E71.111	E71	111
DOID:0060341	Q18.2	Q18	2
DOID:0060359	Q87.0	Q87	0
DOID:0060380	Q87.0	Q87	0
DOID:0060390	Q93.5	Q93	5
DOID:0060391	Q93.5	Q93	5
DOID:0060394	Q93.5	Q93	5
DOID:0060395	Q93.5	Q93	5
DOID:0060397	Q93.5	Q93	5
DOID:0060400	Q93.5	Q93	5
DOID:0060403	Q85.0	Q85	0
DOID:0060404	Q93.5	Q93	5
DOID:0060405	Q93.5	Q93	5
DOID:0060407	Q93.5	Q93	5
DOID:0060409	Q93.5	Q93	5
DOID:0060411	Q93.5	Q93	5
DOID:0060412	Q93.5	Q93	5
DOID:0060415	Q93.5	Q93	5
DOID:0060417	Q93.5	Q93	5
DOID:0060422	Q93.5	Q93	5
DOID:0060425	Q93.5	Q93	5
DOID:0060427	Q99.8	Q99	8
DOID:0060428	Q93.5	Q93	5
DOID:0060430	Q92.3	Q92	3
DOID:0060431	Q92.3	Q92	3
DOID:0060432	Q92.3	Q92	3
DOID:0060433	Q92.3	Q92	3
DOID:0060434	Q92.3	Q92	3
DOID:0060435	Q92.3	Q92	3
DOID:0060436	Q92.3	Q92	3
DOID:0060445	H18.5	H18	5
DOID:0060446	H18.5	H18	5
DOID:0060447	H18.5	H18	5
DOID:0060450	H18.5	H18	5
DOID:0060452	H18.5	H18	5
DOID:0060454	H18.5	H18	5
DOID:0060457	H18.5	H18	5
DOID:0060459	Q92.3	Q92	3
DOID:0060460	Q92.3	Q92	3
DOID:0060461	Q99.8	Q99	8
DOID:0060464	Q87.8	Q87	8
DOID:0060474	D75.1	D75	1
DOID:0060476	Q87.3	Q87	3
DOID:0060478	A92.8	A92	8
DOID:0060479	D61.0	D61	0
DOID:0060482	Q87.8	Q87	8
DOID:0060491	G11.4	G11	4
DOID:0060537	G71.3	G71	3
DOID:0060538	D65	D65	
DOID:0060551	D82.8	D82	8
DOID:0060558	Q68.8	Q68	8
DOID:0060578	Q87.1	Q87	1
DOID:0060580	Q87.1	Q87	1
DOID:0060581	Q87.1	Q87	1
DOID:0060582	Q87.1	Q87	1
DOID:0060583	Q87.1	Q87	1
DOID:0060584	Q87.1	Q87	1
DOID:0060585	Q87.1	Q87	1
DOID:0060586	Q87.1	Q87	1
DOID:0060587	Q87.1	Q87	1
DOID:0060588	Q87.1	Q87	1
DOID:0060601	D68.8	D68	8
DOID:0060604	Q38.1	Q38	1
DOID:0060608	Q87.1	Q87	1
DOID:0060609	Q87.1	Q87	1
DOID:0060641	Q87.8	Q87	8
DOID:0060642	Q81.2	Q81	2
DOID:0060645	M86.3	M86	3
DOID:0060648	Q13.8	Q13	8
DOID:0060651	D69.4	D69	4
DOID:0060652	D75.0	D75	0
DOID:0060656	Q80.2	Q80	2
DOID:0060668	Q00.0	Q00	0
DOID:0060670	Q28.3	Q28	3
DOID:0060671	Q28.3	Q28	3
DOID:0060672	G31.0	G31	0
DOID:0060673	Q13.4	Q13	4
DOID:0060674	I47.2	I47	2
DOID:0060675	I42.8	I42	8
DOID:0060675	I47.2	I47	2
DOID:0060676	I47.2	I47	2
DOID:0060677	I47.2	I47	2
DOID:0060678	I47.2	I47	2
DOID:0060679	I47.2	I47	2
DOID:0060689	L65.8	L65	8
DOID:0060690	H90.3	H90	3
DOID:0060691	D69.4	D69	4
DOID:0060692	D69.8	D69	8
DOID:0060693	E70.8	E70	8
DOID:0060694	G11.0	G11	0
DOID:0060695	G25.8	G25	8
DOID:0060696	G25.8	G25	8
DOID:0060697	G25.8	G25	8
DOID:0060698	G25.8	G25	8
DOID:0060699	E83.5	E83	5
DOID:0060700	E83.5	E83	5
DOID:0060701	E83.5	E83	5
DOID:0060702	E83.5	E83	5
DOID:0060705	D82.3	D82	3
DOID:0060706	D82.3	D82	3
DOID:0060707	D47.9	D47	9
DOID:0060708	D47.9	D47	9
DOID:0060710	Q80.2	Q80	2
DOID:0060711	Q80.2	Q80	2
DOID:0060712	Q80.2	Q80	2
DOID:0060713	Q80.4	Q80	4
DOID:0060714	Q80.2	Q80	2
DOID:0060715	Q80.2	Q80	2
DOID:0060716	Q80.2	Q80	2
DOID:0060717	Q80.2	Q80	2
DOID:0060718	Q80.2	Q80	2
DOID:0060719	Q80.2	Q80	2
DOID:0060720	Q80.8	Q80	8
DOID:0060728	E77.8	E77	8
DOID:0060730	G24.1	G24	1
DOID:0060731	G47.3	G47	3
DOID:0060732	Q93.5	Q93	5
DOID:0060733	Q81.8	Q81	8
DOID:0060735	Q81.0	Q81	0
DOID:0060736	Q81.0	Q81	0
DOID:0060737	Q81.1	Q81	1
DOID:0060738	Q81.8	Q81	8
DOID:0060739	Q51.2	Q51	2
DOID:0060740	E71.1	E71	1
DOID:0060741	E71.1	E71	1
DOID:0060742	E71.1	E71	1
DOID:0060743	E71.1	E71	1
DOID:0060745	H35.5	H35	5
DOID:0060746	H35.5	H35	5
DOID:0060747	Q87.8	Q87	8
DOID:0060756	M85.2	M85	2
DOID:0060757	M85.2	M85	2
DOID:0060763	Q14.1	Q14	1
DOID:0060768	Q93.5	Q93	5
DOID:0060769	D82.8	D82	8
DOID:0060770	Q20.3	Q20	3
DOID:0060772	Q20.3	Q20	3
DOID:0060775	P78.3	P78	3
DOID:0060776	P78.3	P78	3
DOID:0060777	P78.3	P78	3
DOID:0060778	P78.3	P78	3
DOID:0060779	P78.3	P78	3
DOID:0060780	P78.3	P78	3
DOID:0060781	P78.3	P78	3
DOID:0060787	E75.2	E75	2
DOID:0060789	E75.2	E75	2
DOID:0060790	E75.2	E75	2
DOID:0060791	E75.2	E75	2
DOID:0060792	G11.1	G11	1
DOID:0060793	G37.8	G37	8
DOID:0060794	G11.1	G11	1
DOID:0060797	G11.1	G11	1
DOID:0060798	E75.2	E75	2
DOID:0060802	Q87.8	Q87	8
DOID:0060804	Q87.8	Q87	8
DOID:0060807	Q04.3	Q04	3
DOID:0060809	Q87.8	Q87	8
DOID:0060810	G25.5	G25	5
DOID:0060811	Q87.8	Q87	8
DOID:0060813	Q87.8	Q87	8
DOID:0060816	Q87.8	Q87	8
DOID:0060820	Q87.8	Q87	8
DOID:0060822	Q87.8	Q87	8
DOID:0060823	F72	F72	
DOID:0060824	Q87.8	Q87	8
DOID:0060826	Q87.8	Q87	8
DOID:0060827	F71.1	F71	1
DOID:0060830	Q87.8	Q87	8
DOID:0060831	E70.3	E70	3
DOID:0060835	Q11.0	Q11	0
DOID:0060836	Q11.0	Q11	0
DOID:0060837	Q15.8	Q15	8
DOID:0060838	Q11.0	Q11	0
DOID:0060839	Q11.0	Q11	0
DOID:0060840	Q11.0	Q11	0
DOID:0060841	Q11.0	Q11	0
DOID:0060842	Q11.0	Q11	0
DOID:0060856	Q20.6	Q20	6
DOID:0060858	E72.0	E72	0
DOID:0060859	A02.0	A02	0
DOID:0060861	Q87.2	Q87	2
DOID:0060862	Q82.8	Q82	8
DOID:0060863	H35.5	H35	5
DOID:0060868	E75.2	E75	2
DOID:0060871	Q80.8	Q80	8
DOID:0060872	E23.0	E23	0
DOID:0060873	E23.0	E23	0
DOID:0060874	E23.0	E23	0
DOID:0060875	E23.0	E23	0
DOID:0060879	E83.4	E83	4
DOID:0060880	E83.4	E83	4
DOID:0060882	E83.4	E83	4
DOID:0060883	E83.4	E83	4
DOID:0060884	E83.4	E83	4
DOID:0060885	E83.4	E83	4
DOID:0060888	D47.7	D47	7
DOID:0060889	Q79.4	Q79	4
DOID:0060890	E24.3	E24	3
DOID:0060891	G20	G20	
DOID:0060895	G20	G20	
DOID:0060896	G20	G20	
DOID:0060911	N11.8	N11	8
DOID:0060936	G24.8	G24	8
DOID:0070111	E75.2	E75	2
DOID:0070112	E75.2	E75	2
DOID:0070113	E75.2	E75	2
DOID:0070114	E75.2	E75	2
DOID:0070115	Q61.9	Q61	9
DOID:0070116	Q61.9	Q61	9
DOID:0070117	Q61.9	Q61	9
DOID:0070118	Q61.9	Q61	9
DOID:0070119	Q61.9	Q61	9
DOID:0070120	Q61.9	Q61	9
DOID:0070122	Q61.9	Q61	9
DOID:0070123	E03.1	E03	1
DOID:0070124	E03.1	E03	1
DOID:0070125	E03.1	E03	1
DOID:0070126	E03.1	E03	1
DOID:0070127	E03.1	E03	1
DOID:0070128	E03.1	E03	1
DOID:0070129	Q82.8	Q82	8
DOID:0070130	Q82.8	Q82	8
DOID:0070131	Q82.8	Q82	8
DOID:0070132	Q82.8	Q82	8
DOID:0070133	Q82.8	Q82	8
DOID:0070134	Q82.8	Q82	8
DOID:0070135	Q82.8	Q82	8
DOID:0070136	Q82.8	Q82	8
DOID:0070137	Q82.8	Q82	8
DOID:0070138	Q82.8	Q82	8
DOID:0070140	Q82.8	Q82	8
DOID:0070141	Q82.8	Q82	8
DOID:0070142	Q82.8	Q82	8
DOID:0070149	G60.8	G60	8
DOID:0070151	G60.8	G60	8
DOID:0070158	G60.8	G60	8
DOID:0070247	G71.0	G71	0
DOID:0070317	E51.12	E51	12
DOID:0070318	E51.11	E51	11
DOID:0070320	L74.2	L74	2
DOID:0070321	L74.1	L74	1
DOID:0070620	Q93.2	Q93	2
DOID:0080092	G71.0	G71	0
DOID:0080094	G71.0	G71	0
DOID:0080174	Q64.10	Q64	10
DOID:0080176	A39.0	A39	0
DOID:0080177	K76.5	K76	5
DOID:0080179	G00.0	G00	0
DOID:0080210	C85.2	C85	2
DOID:0080217	E75.5	E75	5
DOID:0080350	H35.5	H35	5
DOID:0080351	Q87.3	Q87	3
DOID:0080410	D12.6	D12	6
DOID:0080474	L40.1	L40	1
DOID:0080544	D80.5	D80	5
DOID:0080740	M32.11	M32	11
DOID:0080784	N39.0	N39	0
DOID:0080933	E85.81	E85	81
DOID:0080936	E85.3	E85	3
DOID:0090001	Q87.0	Q87	0
DOID:0090003	G60.0	G60	0
DOID:0090004	Q77.7	Q77	7
DOID:0090005	G71.1	G71	1
DOID:0090006	Q60.4	Q60	4
DOID:0090007	D84.8	D84	8
DOID:0090008	D84.8	D84	8
DOID:0090009	D84.8	D84	8
DOID:0090010	D84.8	D84	8
DOID:0090011	D84.8	D84	8
DOID:0090012	D81.1	D81	1
DOID:0090013	D81.1	D81	1
DOID:0090014	D81.2	D81	2
DOID:0090015	Q78.4	Q78	4
DOID:0090016	D46.7	D46	7
DOID:0090017	Q81.0	Q81	0
DOID:0090018	E85.0	E85	0
DOID:0090021	Q71.6	Q71	6
DOID:0090024	Q87.2	Q87	2
DOID:0090029	E85.0	E85	0
DOID:0090030	E27.8	E27	8
DOID:0090031	E71.3	E71	3
DOID:0090032	Q77.7	Q77	7
DOID:0090034	G24.1	G24	1
DOID:0090037	G24.1	G24	1
DOID:0090038	G24.1	G24	1
DOID:0090039	G24.1	G24	1
DOID:0090041	G24.1	G24	1
DOID:0090042	G24.1	G24	1
DOID:0090043	G24.1	G24	1
DOID:0090044	G24.8	G24	8
DOID:0090045	G24.8	G24	8
DOID:0090046	G24.1	G24	1
DOID:0090047	G24.8	G24	8
DOID:0090048	G24.1	G24	1
DOID:0090049	G24.8	G24	8
DOID:0090050	G24.1	G24	1
DOID:0090051	G24.8	G24	8
DOID:0090052	G24.8	G24	8
DOID:0090053	G24.8	G24	8
DOID:0090054	G24.8	G24	8
DOID:0090055	G24.1	G24	1
DOID:0090056	G24.1	G24	1
DOID:0090057	G24.1	G24	1
DOID:0090058	G24.1	G24	1
DOID:0090060	E13	E13	
DOID:0090061	L50.2	L50	2
DOID:0090062	L50.2	L50	2
DOID:0090064	L50.2	L50	2
DOID:0090065	L50.2	L50	2
DOID:0090067	Q74.8	Q74	8
DOID:0090070	E23.0	E23	0
DOID:0090071	E23.0	E23	0
DOID:0090072	E23.0	E23	0
DOID:0090073	E23.0	E23	0
DOID:0090074	E23.0	E23	0
DOID:0090075	E23.0	E23	0
DOID:0090076	E23.0	E23	0
DOID:0090077	E23.0	E23	0
DOID:0090078	E23.0	E23	0
DOID:0090079	E23.0	E23	0
DOID:0090080	E23.0	E23	0
DOID:0090081	E23.0	E23	0
DOID:0090082	E23.0	E23	0
DOID:0090083	E23.0	E23	0
DOID:0090084	E23.0	E23	0
DOID:0090085	E23.0	E23	0
DOID:0090086	E23.0	E23	0
DOID:0090087	E23.0	E23	0
DOID:0090088	E23.6	E23	6
DOID:0090089	E23.0	E23	0
DOID:0090090	E23.0	E23	0
DOID:0090091	Q56.1	Q56	1
DOID:0090092	E23.0	E23	0
DOID:0090093	E23.0	E23	0
DOID:0090094	E23.0	E23	0
DOID:0090100	E70.3	E70	3
DOID:0090101	E74.0	E74	0
DOID:0090101	G73.6	G73	6
DOID:0090102	D69.4	D69	4
DOID:0090103	G10	G10	
DOID:0090104	G10	G10	
DOID:0090105	E78.0	E78	0
DOID:0090109	E20.8	E20	8
DOID:0090110	E31.0	E31	0
DOID:0090111	E75.2	E75	2
DOID:0090113	D82.8	D82	8
DOID:0090115	G60.2	G60	2
DOID:0090116	Q76.4	Q76	4
DOID:0090122	E30.1	E30	1
DOID:0090126	E71.1	E71	1
DOID:0090129	E71.3	E71	3
DOID:0090130	Q04.8	Q04	8
DOID:0090137	Q04.3	Q04	3
DOID:0090143	Q76.3	Q76	3
DOID:0110005	H35.5	H35	5
DOID:0110016	H35.5	H35	5
DOID:0110029	D56.0	D56	0
DOID:0110030	D56.0	D56	0
DOID:0110031	D56.0	D56	0
DOID:0110035	G30	G30	
DOID:0110037	G30	G30	
DOID:0110038	G30	G30	
DOID:0110039	G30	G30	
DOID:0110041	G30	G30	
DOID:0110043	G30	G30	
DOID:0110044	G30	G30	
DOID:0110045	G30	G30	
DOID:0110046	G30	G30	
DOID:0110047	G30	G30	
DOID:0110048	G30	G30	
DOID:0110052	K00.5	K00	5
DOID:0110053	K00.5	K00	5
DOID:0110054	K00.5	K00	5
DOID:0110055	K00.5	K00	5
DOID:0110056	K00.5	K00	5
DOID:0110057	K00.5	K00	5
DOID:0110058	K00.5	K00	5
DOID:0110059	K00.5	K00	5
DOID:0110060	K00.5	K00	5
DOID:0110061	K00.5	K00	5
DOID:0110062	K00.5	K00	5
DOID:0110063	K00.5	K00	5
DOID:0110064	K00.5	K00	5
DOID:0110065	K00.5	K00	5
DOID:0110066	K00.5	K00	5
DOID:0110070	I42.8	I42	8
DOID:0110070	Q24.8	Q24	8
DOID:0110072	I42.8	I42	8
DOID:0110073	I42.8	I42	8
DOID:0110074	I42.8	I42	8
DOID:0110075	I42.8	I42	8
DOID:0110076	I42.8	I42	8
DOID:0110077	I42.8	I42	8
DOID:0110078	H35.5	H35	5
DOID:0110079	H35.5	H35	5
DOID:0110080	H35.5	H35	5
DOID:0110081	I42.8	I42	8
DOID:0110082	I42.8	I42	8
DOID:0110083	I42.8	I42	8
DOID:0110084	I42.8	I42	8
DOID:0110085	Q77.2	Q77	2
DOID:0110086	Q77.2	Q77	2
DOID:0110087	Q77.2	Q77	2
DOID:0110088	Q77.2	Q77	2
DOID:0110089	Q77.2	Q77	2
DOID:0110090	Q77.2	Q77	2
DOID:0110091	Q77.2	Q77	2
DOID:0110091	Q87.5	Q87	5
DOID:0110092	Q77.2	Q77	2
DOID:0110093	Q77.2	Q77	2
DOID:0110094	Q77.2	Q77	2
DOID:0110095	Q77.2	Q77	2
DOID:0110096	Q04.3	Q04	3
DOID:0110097	Q87.5	Q87	5
DOID:0110106	Q21.1	Q21	1
DOID:0110107	Q21.1	Q21	1
DOID:0110108	Q21.1	Q21	1
DOID:0110109	Q21.1	Q21	1
DOID:0110110	Q21.1	Q21	1
DOID:0110111	Q21.1	Q21	1
DOID:0110112	Q21.1	Q21	1
DOID:0110113	Q21.1	Q21	1
DOID:0110114	Q21.1	Q21	1
DOID:0110115	D47.9	D47	9
DOID:0110116	D47.9	D47	9
DOID:0110117	D72.8	D72	8
DOID:0110118	H35.5	H35	5
DOID:0110120	Q13.8	Q13	8
DOID:0110121	Q13.8	Q13	8
DOID:0110122	Q13.8	Q13	8
DOID:0110123	Q87.89	Q87	89
DOID:0110124	Q87.89	Q87	89
DOID:0110125	Q87.89	Q87	89
DOID:0110126	Q87.89	Q87	89
DOID:0110127	Q87.89	Q87	89
DOID:0110128	Q87.89	Q87	89
DOID:0110129	Q87.89	Q87	89
DOID:0110130	Q87.89	Q87	89
DOID:0110131	Q87.89	Q87	89
DOID:0110132	Q87.89	Q87	89
DOID:0110133	Q87.89	Q87	89
DOID:0110134	Q87.89	Q87	89
DOID:0110135	Q87.89	Q87	89
DOID:0110136	Q87.89	Q87	89
DOID:0110137	Q87.89	Q87	89
DOID:0110138	Q87.89	Q87	89
DOID:0110139	Q87.89	Q87	89
DOID:0110140	Q87.89	Q87	89
DOID:0110141	Q87.89	Q87	89
DOID:0110142	E26.8	E26	8
DOID:0110143	E26.8	E26	8
DOID:0110144	E26.8	E26	8
DOID:0110145	E26.8	E26	8
DOID:0110146	E26.8	E26	8
DOID:0110147	E26.8	E26	8
DOID:0110148	G60.0	G60	0
DOID:0110149	G60.0	G60	0
DOID:0110150	G60.0	G60	0
DOID:0110151	G60.0	G60	0
DOID:0110152	G60.0	G60	0
DOID:0110153	G60.0	G60	0
DOID:0110154	G60.0	G60	0
DOID:0110155	G60.0	G60	0
DOID:0110156	G60.0	G60	0
DOID:0110157	G60.0	G60	0
DOID:0110158	G60.0	G60	0
DOID:0110159	G60.0	G60	0
DOID:0110160	G60.0	G60	0
DOID:0110161	G60.0	G60	0
DOID:0110163	G60.0	G60	0
DOID:0110164	G60.0	G60	0
DOID:0110165	G60.0	G60	0
DOID:0110166	G60.0	G60	0
DOID:0110167	G60.0	G60	0
DOID:0110168	G60.0	G60	0
DOID:0110169	G60.0	G60	0
DOID:0110170	G60.0	G60	0
DOID:0110173	G60.0	G60	0
DOID:0110174	G60.0	G60	0
DOID:0110175	G60.0	G60	0
DOID:0110177	G60.0	G60	0
DOID:0110179	G60.0	G60	0
DOID:0110182	G60.0	G60	0
DOID:0110183	G60.0	G60	0
DOID:0110184	G60.0	G60	0
DOID:0110185	G60.0	G60	0
DOID:0110186	G60.0	G60	0
DOID:0110187	G60.0	G60	0
DOID:0110188	H35.5	H35	5
DOID:0110189	H35.5	H35	5
DOID:0110190	G60.0	G60	0
DOID:0110191	G60.0	G60	0
DOID:0110192	G60.0	G60	0
DOID:0110193	G60.0	G60	0
DOID:0110194	G60.0	G60	0
DOID:0110195	G60.0	G60	0
DOID:0110196	G60.0	G60	0
DOID:0110197	G60.0	G60	0
DOID:0110198	G60.0	G60	0
DOID:0110199	G60.0	G60	0
DOID:0110200	G60.0	G60	0
DOID:0110202	G60.0	G60	0
DOID:0110203	G60.0	G60	0
DOID:0110204	G60.0	G60	0
DOID:0110205	G60.0	G60	0
DOID:0110206	G60.0	G60	0
DOID:0110207	G60.0	G60	0
DOID:0110208	G60.0	G60	0
DOID:0110209	G60.0	G60	0
DOID:0110210	G60.0	G60	0
DOID:0110211	G60.0	G60	0
DOID:0110212	G60.0	G60	0
DOID:0110213	Q35.1	Q35	1
DOID:0110213	Q35.3	Q35	3
DOID:0110213	Q35.5	Q35	5
DOID:0110213	Q35.7	Q35	7
DOID:0110213	Q35.9	Q35	9
DOID:0110214	Q35.3	Q35	3
DOID:0110215	H35.5	H35	5
DOID:0110216	H35.5	H35	5
DOID:0110217	H35.5	H35	5
DOID:0110218	I49.8	I49	8
DOID:0110219	I49.8	I49	8
DOID:0110220	I49.8	I49	8
DOID:0110221	I49.8	I49	8
DOID:0110222	I49.8	I49	8
DOID:0110223	I49.8	I49	8
DOID:0110224	I49.8	I49	8
DOID:0110225	I49.8	I49	8
DOID:0110226	I49.8	I49	8
DOID:0110227	Q12.0	Q12	0
DOID:0110228	Q12.0	Q12	0
DOID:0110229	Q12.0	Q12	0
DOID:0110230	Q12.0	Q12	0
DOID:0110231	Q12.0	Q12	0
DOID:0110232	Q12.0	Q12	0
DOID:0110233	Q12.0	Q12	0
DOID:0110234	Q12.0	Q12	0
DOID:0110235	Q12.0	Q12	0
DOID:0110236	Q12.0	Q12	0
DOID:0110237	Q12.0	Q12	0
DOID:0110238	Q12.0	Q12	0
DOID:0110239	Q12.0	Q12	0
DOID:0110240	Q12.0	Q12	0
DOID:0110241	Q12.0	Q12	0
DOID:0110242	Q12.0	Q12	0
DOID:0110243	Q12.0	Q12	0
DOID:0110245	Q12.0	Q12	0
DOID:0110246	Q12.0	Q12	0
DOID:0110248	Q12.0	Q12	0
DOID:0110249	Q12.0	Q12	0
DOID:0110250	Q12.0	Q12	0
DOID:0110251	Q12.0	Q12	0
DOID:0110252	Q12.0	Q12	0
DOID:0110253	Q12.0	Q12	0
DOID:0110254	Q12.0	Q12	0
DOID:0110255	Q12.0	Q12	0
DOID:0110256	Q12.0	Q12	0
DOID:0110257	Q12.0	Q12	0
DOID:0110258	Q12.0	Q12	0
DOID:0110259	Q12.0	Q12	0
DOID:0110260	Q12.0	Q12	0
DOID:0110261	Q12.0	Q12	0
DOID:0110262	Q12.0	Q12	0
DOID:0110263	Q12.0	Q12	0
DOID:0110264	Q12.0	Q12	0
DOID:0110265	Q12.0	Q12	0
DOID:0110266	Q12.0	Q12	0
DOID:0110267	Q12.0	Q12	0
DOID:0110268	Q12.0	Q12	0
DOID:0110269	Q12.0	Q12	0
DOID:0110270	Q12.0	Q12	0
DOID:0110271	Q12.0	Q12	0
DOID:0110272	Q12.0	Q12	0
DOID:0110273	G71.0	G71	0
DOID:0110274	G71.0	G71	0
DOID:0110275	G71.0	G71	0
DOID:0110276	G71.0	G71	0
DOID:0110277	G71.0	G71	0
DOID:0110278	G71.0	G71	0
DOID:0110279	G71.0	G71	0
DOID:0110280	G71.0	G71	0
DOID:0110281	G71.0	G71	0
DOID:0110282	G71.0	G71	0
DOID:0110283	G71.0	G71	0
DOID:0110284	G71.0	G71	0
DOID:0110285	G71.0	G71	0
DOID:0110287	G71.0	G71	0
DOID:0110289	G71.0	G71	0
DOID:0110291	H35.5	H35	5
DOID:0110292	G71.0	G71	0
DOID:0110293	G71.0	G71	0
DOID:0110294	G71.0	G71	0
DOID:0110295	G71.0	G71	0
DOID:0110296	G71.0	G71	0
DOID:0110297	G71.0	G71	0
DOID:0110298	G71.0	G71	0
DOID:0110299	G71.0	G71	0
DOID:0110303	G71.0	G71	0
DOID:0110304	G71.0	G71	0
DOID:0110305	G71.0	G71	0
DOID:0110306	G71.0	G71	0
DOID:0110329	H35.5	H35	5
DOID:0110330	H35.5	H35	5
DOID:0110331	H35.5	H35	5
DOID:0110332	H35.5	H35	5
DOID:0110333	H35.5	H35	5
DOID:0110335	Q78.0	Q78	0
DOID:0110336	Q78.0	Q78	0
DOID:0110337	Q78.0	Q78	0
DOID:0110338	Q78.0	Q78	0
DOID:0110339	Q78.0	Q78	0
DOID:0110340	Q78.0	Q78	0
DOID:0110341	Q78.0	Q78	0
DOID:0110342	Q78.0	Q78	0
DOID:0110343	Q78.0	Q78	0
DOID:0110344	Q78.0	Q78	0
DOID:0110345	Q78.0	Q78	0
DOID:0110346	Q78.0	Q78	0
DOID:0110347	Q78.0	Q78	0
DOID:0110348	Q78.0	Q78	0
DOID:0110349	Q78.0	Q78	0
DOID:0110350	Q78.0	Q78	0
DOID:0110351	Q78.0	Q78	0
DOID:0110352	H35.5	H35	5
DOID:0110353	H35.5	H35	5
DOID:0110354	H35.5	H35	5
DOID:0110355	H35.5	H35	5
DOID:0110356	H35.5	H35	5
DOID:0110357	H35.5	H35	5
DOID:0110358	H35.5	H35	5
DOID:0110359	H35.5	H35	5
DOID:0110360	H35.5	H35	5
DOID:0110361	H35.5	H35	5
DOID:0110362	H35.5	H35	5
DOID:0110363	H35.5	H35	5
DOID:0110364	H35.5	H35	5
DOID:0110365	H35.5	H35	5
DOID:0110366	H35.5	H35	5
DOID:0110367	H35.5	H35	5
DOID:0110368	H35.5	H35	5
DOID:0110369	H35.5	H35	5
DOID:0110370	H35.5	H35	5
DOID:0110371	H35.5	H35	5
DOID:0110372	H35.5	H35	5
DOID:0110373	H35.5	H35	5
DOID:0110374	H35.5	H35	5
DOID:0110375	H35.5	H35	5
DOID:0110376	H35.5	H35	5
DOID:0110377	H35.5	H35	5
DOID:0110378	H35.5	H35	5
DOID:0110379	H35.5	H35	5
DOID:0110380	H35.5	H35	5
DOID:0110381	H35.5	H35	5
DOID:0110382	H35.5	H35	5
DOID:0110383	H35.5	H35	5
DOID:0110384	H35.5	H35	5
DOID:0110385	H35.5	H35	5
DOID:0110386	H35.5	H35	5
DOID:0110387	H35.5	H35	5
DOID:0110388	H35.5	H35	5
DOID:0110389	H35.5	H35	5
DOID:0110390	H35.5	H35	5
DOID:0110391	H35.5	H35	5
DOID:0110392	H35.5	H35	5
DOID:0110393	H35.5	H35	5
DOID:0110394	H35.5	H35	5
DOID:0110395	H35.5	H35	5
DOID:0110396	H35.5	H35	5
DOID:0110397	H35.5	H35	5
DOID:0110398	H35.5	H35	5
DOID:0110399	H35.5	H35	5
DOID:0110400	H35.5	H35	5
DOID:0110401	H35.5	H35	5
DOID:0110402	H35.5	H35	5
DOID:0110403	H35.5	H35	5
DOID:0110404	H35.5	H35	5
DOID:0110405	H35.5	H35	5
DOID:0110406	H35.5	H35	5
DOID:0110407	H35.5	H35	5
DOID:0110408	H35.5	H35	5
DOID:0110409	H35.5	H35	5
DOID:0110410	H35.5	H35	5
DOID:0110411	H35.5	H35	5
DOID:0110412	H35.5	H35	5
DOID:0110413	H35.5	H35	5
DOID:0110414	H35.5	H35	5
DOID:0110415	H35.5	H35	5
DOID:0110416	H35.5	H35	5
DOID:0110417	H35.5	H35	5
DOID:0110418	H35.5	H35	5
DOID:0110419	H35.5	H35	5
DOID:0110420	H35.5	H35	5
DOID:0110421	H35.5	H35	5
DOID:0110422	H35.5	H35	5
DOID:0110423	I42.0	I42	0
DOID:0110424	I42.0	I42	0
DOID:0110426	I42.0	I42	0
DOID:0110427	I42.0	I42	0
DOID:0110428	I42.0	I42	0
DOID:0110429	I42.0	I42	0
DOID:0110430	I42.0	I42	0
DOID:0110431	I42.0	I42	0
DOID:0110432	I42.0	I42	0
DOID:0110433	I42.0	I42	0
DOID:0110434	I42.0	I42	0
DOID:0110435	I42.0	I42	0
DOID:0110436	I42.0	I42	0
DOID:0110437	I42.0	I42	0
DOID:0110438	I42.0	I42	0
DOID:0110439	I42.0	I42	0
DOID:0110441	I42.0	I42	0
DOID:0110442	I42.0	I42	0
DOID:0110443	I42.0	I42	0
DOID:0110444	I42.0	I42	0
DOID:0110445	I42.0	I42	0
DOID:0110446	I42.0	I42	0
DOID:0110447	I42.0	I42	0
DOID:0110448	I42.0	I42	0
DOID:0110449	I42.0	I42	0
DOID:0110450	I42.0	I42	0
DOID:0110451	I42.0	I42	0
DOID:0110452	I42.0	I42	0
DOID:0110453	I42.0	I42	0
DOID:0110454	I42.0	I42	0
DOID:0110455	I42.0	I42	0
DOID:0110456	I42.0	I42	0
DOID:0110457	I42.0	I42	0
DOID:0110458	I42.0	I42	0
DOID:0110459	I42.0	I42	0
DOID:0110460	I42.0	I42	0
DOID:0110461	I42.0	I42	0
DOID:0110462	H90.3	H90	3
DOID:0110463	H90.3	H90	3
DOID:0110464	H90.3	H90	3
DOID:0110465	H90.3	H90	3
DOID:0110467	H90.3	H90	3
DOID:0110468	H90.3	H90	3
DOID:0110469	H90.3	H90	3
DOID:0110470	H90.3	H90	3
DOID:0110471	H90.3	H90	3
DOID:0110472	H90.3	H90	3
DOID:0110473	H90.3	H90	3
DOID:0110474	H90.3	H90	3
DOID:0110475	H90.3	H90	3
DOID:0110476	H90.3	H90	3
DOID:0110477	H90.3	H90	3
DOID:0110478	H90.3	H90	3
DOID:0110479	H90.3	H90	3
DOID:0110480	H90.3	H90	3
DOID:0110481	H90.3	H90	3
DOID:0110482	H90.3	H90	3
DOID:0110483	H90.3	H90	3
DOID:0110484	H90.3	H90	3
DOID:0110485	H90.3	H90	3
DOID:0110486	H90.3	H90	3
DOID:0110487	H90.3	H90	3
DOID:0110488	H90.3	H90	3
DOID:0110489	H90.3	H90	3
DOID:0110490	H90.3	H90	3
DOID:0110491	H90.3	H90	3
DOID:0110492	H90.3	H90	3
DOID:0110493	H90.3	H90	3
DOID:0110494	H90.3	H90	3
DOID:0110495	H90.3	H90	3
DOID:0110496	H90.3	H90	3
DOID:0110497	H90.3	H90	3
DOID:0110498	H90.3	H90	3
DOID:0110499	H90.3	H90	3
DOID:0110500	H90.3	H90	3
DOID:0110501	H90.3	H90	3
DOID:0110502	H90.3	H90	3
DOID:0110503	H90.3	H90	3
DOID:0110504	H90.3	H90	3
DOID:0110505	H90.3	H90	3
DOID:0110506	H90.3	H90	3
DOID:0110507	H90.3	H90	3
DOID:0110508	H90.3	H90	3
DOID:0110509	H90.3	H90	3
DOID:0110510	H90.3	H90	3
DOID:0110511	H90.3	H90	3
DOID:0110512	H90.3	H90	3
DOID:0110513	H90.3	H90	3
DOID:0110514	H90.3	H90	3
DOID:0110515	H90.3	H90	3
DOID:0110516	H90.3	H90	3
DOID:0110517	H90.3	H90	3
DOID:0110518	H90.3	H90	3
DOID:0110519	H90.3	H90	3
DOID:0110520	H90.3	H90	3
DOID:0110521	H90.3	H90	3
DOID:0110522	H90.3	H90	3
DOID:0110523	H90.3	H90	3
DOID:0110524	H90.3	H90	3
DOID:0110525	H90.3	H90	3
DOID:0110526	H90.3	H90	3
DOID:0110527	H90.3	H90	3
DOID:0110528	H90.3	H90	3
DOID:0110529	H90.3	H90	3
DOID:0110530	H90.3	H90	3
DOID:0110531	H90.3	H90	3
DOID:0110532	H90.3	H90	3
DOID:0110533	H90.3	H90	3
DOID:0110534	H90.3	H90	3
DOID:0110535	H90.3	H90	3
DOID:0110536	H90.3	H90	3
DOID:0110537	H90.3	H90	3
DOID:0110538	H90.3	H90	3
DOID:0110539	H90.3	H90	3
DOID:0110540	H90.3	H90	3
DOID:0110541	H90.3	H90	3
DOID:0110542	H90.3	H90	3
DOID:0110543	H90.3	H90	3
DOID:0110544	H90.3	H90	3
DOID:0110545	H90.3	H90	3
DOID:0110546	H90.3	H90	3
DOID:0110547	H90.3	H90	3
DOID:0110548	H90.3	H90	3
DOID:0110549	H90.3	H90	3
DOID:0110550	H90.3	H90	3
DOID:0110551	H90.3	H90	3
DOID:0110552	H90.3	H90	3
DOID:0110553	H90.3	H90	3
DOID:0110554	H90.3	H90	3
DOID:0110555	H90.3	H90	3
DOID:0110556	H90.3	H90	3
DOID:0110557	H90.3	H90	3
DOID:0110558	H90.3	H90	3
DOID:0110559	H90.3	H90	3
DOID:0110560	H90.3	H90	3
DOID:0110561	H90.3	H90	3
DOID:0110562	H90.3	H90	3
DOID:0110563	H90.3	H90	3
DOID:0110564	H90.3	H90	3
DOID:0110565	H90.3	H90	3
DOID:0110566	H90.3	H90	3
DOID:0110567	H90.3	H90	3
DOID:0110568	H90.3	H90	3
DOID:0110569	H90.3	H90	3
DOID:0110570	H90.3	H90	3
DOID:0110571	H90.3	H90	3
DOID:0110572	H90.3	H90	3
DOID:0110573	H90.3	H90	3
DOID:0110574	H90.3	H90	3
DOID:0110575	H90.3	H90	3
DOID:0110576	H90.3	H90	3
DOID:0110577	H90.3	H90	3
DOID:0110579	H90.3	H90	3
DOID:0110580	H90.3	H90	3
DOID:0110581	H90.3	H90	3
DOID:0110582	H90.3	H90	3
DOID:0110583	H90.3	H90	3
DOID:0110584	H90.3	H90	3
DOID:0110585	H90.3	H90	3
DOID:0110586	H90.3	H90	3
DOID:0110587	H90.3	H90	3
DOID:0110588	H90.3	H90	3
DOID:0110589	H90.3	H90	3
DOID:0110590	H90.3	H90	3
DOID:0110591	H90.3	H90	3
DOID:0110592	H90.3	H90	3
DOID:0110593	H90.3	H90	3
DOID:0110594	Q34.8	Q34	8
DOID:0110595	Q87.8	Q87	8
DOID:0110596	Q34.8	Q34	8
DOID:0110597	Q34.8	Q34	8
DOID:0110598	Q34.8	Q34	8
DOID:0110599	Q34.8	Q34	8
DOID:0110600	Q34.8	Q34	8
DOID:0110601	Q34.8	Q34	8
DOID:0110602	Q34.8	Q34	8
DOID:0110603	Q34.8	Q34	8
DOID:0110604	Q34.8	Q34	8
DOID:0110605	Q34.8	Q34	8
DOID:0110606	Q34.8	Q34	8
DOID:0110607	Q34.8	Q34	8
DOID:0110608	Q34.8	Q34	8
DOID:0110609	Q34.8	Q34	8
DOID:0110611	Q34.8	Q34	8
DOID:0110612	Q34.8	Q34	8
DOID:0110613	Q34.8	Q34	8
DOID:0110614	Q34.8	Q34	8
DOID:0110615	Q34.8	Q34	8
DOID:0110616	Q34.8	Q34	8
DOID:0110617	Q34.8	Q34	8
DOID:0110618	Q34.8	Q34	8
DOID:0110619	Q34.8	Q34	8
DOID:0110621	Q34.8	Q34	8
DOID:0110622	Q34.8	Q34	8
DOID:0110623	Q34.8	Q34	8
DOID:0110624	Q34.8	Q34	8
DOID:0110625	Q34.8	Q34	8
DOID:0110626	Q34.8	Q34	8
DOID:0110627	Q34.8	Q34	8
DOID:0110628	Q34.8	Q34	8
DOID:0110629	E13.8	E13	8
DOID:0110630	E13.8	E13	8
DOID:0110632	G71.2	G71	2
DOID:0110633	G71.2	G71	2
DOID:0110633	G71.8	G71	8
DOID:0110634	G71.2	G71	2
DOID:0110635	G71.2	G71	2
DOID:0110637	G71.2	G71	2
DOID:0110639	G71.2	G71	2
DOID:0110640	G71.2	G71	2
DOID:0110644	I45.8	I45	8
DOID:0110645	I45.8	I45	8
DOID:0110646	I45.8	I45	8
DOID:0110647	I45.8	I45	8
DOID:0110648	I45.8	I45	8
DOID:0110650	I45.8	I45	8
DOID:0110651	I45.8	I45	8
DOID:0110652	I45.8	I45	8
DOID:0110653	I45.8	I45	8
DOID:0110654	I45.8	I45	8
DOID:0110655	I45.8	I45	8
DOID:0110656	I45.8	I45	8
DOID:0110716	Q87.0	Q87	0
DOID:0110717	Q87.0	Q87	0
DOID:0110718	Q87.0	Q87	0
DOID:0110719	Q87.0	Q87	0
DOID:0110720	E75.4	E75	4
DOID:0110721	E75.4	E75	4
DOID:0110722	E75.4	E75	4
DOID:0110723	E75.4	E75	4
DOID:0110724	E75.4	E75	4
DOID:0110725	E75.4	E75	4
DOID:0110726	E75.4	E75	4
DOID:0110727	E75.4	E75	4
DOID:0110728	E75.4	E75	4
DOID:0110729	E75.4	E75	4
DOID:0110730	E75.4	E75	4
DOID:0110731	E75.4	E75	4
DOID:0110732	E75.4	E75	4
DOID:0110733	E75.4	E75	4
DOID:0110735	G23.0	G23	0
DOID:0110736	G23.0	G23	0
DOID:0110738	G23.0	G23	0
DOID:0110739	G23.0	G23	0
DOID:0110740	G23.0	G23	0
DOID:0110741	E10	E10	
DOID:0110742	E10	E10	
DOID:0110743	E10	E10	
DOID:0110744	E10	E10	
DOID:0110745	E10	E10	
DOID:0110746	E10	E10	
DOID:0110747	E10	E10	
DOID:0110748	E10	E10	
DOID:0110749	E10	E10	
DOID:0110750	E10	E10	
DOID:0110751	E10	E10	
DOID:0110752	E10	E10	
DOID:0110753	E10	E10	
DOID:0110754	E10	E10	
DOID:0110755	E10	E10	
DOID:0110756	E10	E10	
DOID:0110757	E10	E10	
DOID:0110758	E10	E10	
DOID:0110759	E10	E10	
DOID:0110760	E10	E10	
DOID:0110761	E10	E10	
DOID:0110763	G11.4	G11	4
DOID:0110764	G11.4	G11	4
DOID:0110765	G11.4	G11	4
DOID:0110766	G11.4	G11	4
DOID:0110767	G11.4	G11	4
DOID:0110768	G11.4	G11	4
DOID:0110769	G11.4	G11	4
DOID:0110770	G11.4	G11	4
DOID:0110771	G11.4	G11	4
DOID:0110772	G11.4	G11	4
DOID:0110773	G11.4	G11	4
DOID:0110774	G11.4	G11	4
DOID:0110775	G11.4	G11	4
DOID:0110776	G11.4	G11	4
DOID:0110777	G11.4	G11	4
DOID:0110778	G11.4	G11	4
DOID:0110779	G11.4	G11	4
DOID:0110780	G11.4	G11	4
DOID:0110781	G11.4	G11	4
DOID:0110782	G11.4	G11	4
DOID:0110783	G11.4	G11	4
DOID:0110785	G11.4	G11	4
DOID:0110786	G11.4	G11	4
DOID:0110787	G11.4	G11	4
DOID:0110788	G11.4	G11	4
DOID:0110789	G11.4	G11	4
DOID:0110790	G11.4	G11	4
DOID:0110791	G11.4	G11	4
DOID:0110792	G11.4	G11	4
DOID:0110793	G11.4	G11	4
DOID:0110794	G11.4	G11	4
DOID:0110795	G11.4	G11	4
DOID:0110796	G11.4	G11	4
DOID:0110797	G11.4	G11	4
DOID:0110798	G11.4	G11	4
DOID:0110800	G11.4	G11	4
DOID:0110801	G11.4	G11	4
DOID:0110805	G11.4	G11	4
DOID:0110806	G11.4	G11	4
DOID:0110807	G11.4	G11	4
DOID:0110808	G11.4	G11	4
DOID:0110809	G11.4	G11	4
DOID:0110810	G11.4	G11	4
DOID:0110811	G11.4	G11	4
DOID:0110812	G11.4	G11	4
DOID:0110813	G11.4	G11	4
DOID:0110814	G11.4	G11	4
DOID:0110815	G11.4	G11	4
DOID:0110816	G11.4	G11	4
DOID:0110817	G11.4	G11	4
DOID:0110818	G11.4	G11	4
DOID:0110820	G11.4	G11	4
DOID:0110822	G11.4	G11	4
DOID:0110823	G11.4	G11	4
DOID:0110824	G11.4	G11	4
DOID:0110825	G11.4	G11	4
DOID:0110826	H35.5	H35	5
DOID:0110830	H35.5	H35	5
DOID:0110831	H35.5	H35	5
DOID:0110832	H35.5	H35	5
DOID:0110833	H35.5	H35	5
DOID:0110834	H35.5	H35	5
DOID:0110835	H35.5	H35	5
DOID:0110836	H35.5	H35	5
DOID:0110837	H35.5	H35	5
DOID:0110838	H35.5	H35	5
DOID:0110839	H35.5	H35	5
DOID:0110840	H35.5	H35	5
DOID:0110841	H35.5	H35	5
DOID:0110842	H35.5	H35	5
DOID:0110843	Q82.1	Q82	1
DOID:0110844	Q82.1	Q82	1
DOID:0110845	Q82.1	Q82	1
DOID:0110846	Q82.1	Q82	1
DOID:0110847	Q82.1	Q82	1
DOID:0110848	Q82.1	Q82	1
DOID:0110849	Q82.1	Q82	1
DOID:0110850	Q82.1	Q82	1
DOID:0110851	Q77.3	Q77	3
DOID:0110852	Q77.3	Q77	3
DOID:0110853	Q77.3	Q77	3
DOID:0110855	H18.50	H18	50
DOID:0110856	H18.50	H18	50
DOID:0110857	H18.50	H18	50
DOID:0110946	Q78.2	Q78	2
DOID:0110949	E70.3	E70	3
DOID:0110957	E75.2	E75	2
DOID:0110958	E75.2	E75	2
DOID:0110959	E75.2	E75	2
DOID:0110960	E75.2	E75	2
DOID:0110961	E75.2	E75	2
DOID:0110962	Q73.8	Q73	8
DOID:0110963	Q73.8	Q73	8
DOID:0110967	Q73.8	Q73	8
DOID:0110975	Q73.8	Q73	8
DOID:0111029	E83.1	E83	1
DOID:0111031	E83.1	E83	1
DOID:0111033	E83.1	E83	1
DOID:0111034	E83.1	E83	1
DOID:0111035	F01.1	F01	1
DOID:0111036	F01.1	F01	1
DOID:0111037	E72.1	E72	1
DOID:0111038	E72.1	E72	1
DOID:0111039	E72.1	E72	1
DOID:0111040	E74.0	E74	0
DOID:0111041	E74.0	E74	0
DOID:0111042	E74.0	E74	0
DOID:0111043	E74.0	E74	0
DOID:0111045	D69.8	D69	8
DOID:0111048	D69.4	D69	4
DOID:0111051	D69.1	D69	1
DOID:0111056	D69.8	D69	8
DOID:0111057	D69.8	D69	8
DOID:0111060	Q84.2	Q84	2
DOID:0111063	M11.2	M11	2
DOID:0111064	G12.2	G12	2
DOID:0111128	N04.1	N04	1
DOID:0111129	N04.1	N04	1
DOID:0111130	N04.1	N04	1
DOID:0111131	N04.1	N04	1
DOID:0111132	N04.1	N04	1
DOID:0111133	N04.1	N04	1
DOID:0111134	N04.1	N04	1
DOID:0111135	E88.1	E88	1
DOID:0111136	E88.1	E88	1
DOID:0111137	E88.1	E88	1
DOID:0111138	E88.1	E88	1
DOID:0111140	E03.1	E03	1
DOID:0111142	Q60.4	Q60	4
DOID:0111154	I95.1	I95	1
DOID:0111165	E72.1	E72	1
DOID:0111604	Q87.0	Q87	0
DOID:0112374	G71.2	G71	2
DOID:11650	P27.1	P27	1
DOID:12859	G25.5	G25	5
DOID:13272	J15.0	J15	0
DOID:13276	J15.7	J15	7
DOID:1339	D61.01	D61	01
DOID:14080	E26.02	E26	02
DOID:1826	G40	G40	
DOID:8514	I26.09	I26	09
DOID:8517	I26.09	I26	09
DOID:8717	L89	L89	
